Feeder Name,Grid,1st Cycle,2nd Cycle,3rd Cycle,4th Cycle
36 B RMU,Korangi East,1035~1305,1505~1805,1935~2205,0005~0205
3A RMU,Landhi,0935~1105,1335~1505,1635~1805,2235~0005
500 Quarter,KEPZ,0935~1205,1335~1635,1805~2035,2235~0035
51 - C (Ex-Korangi Telephone Exchange # 03),Korangi South,0835~1105,1235~1535,1705~1935,2135~2335
52 A,KEPZ,1105~1235,1505~1635,1805~1935,0035~0205
5-C Bilal Abad (Ex-Bank Alfalah),Korangi South,0735~0935,1105~1335,1505~1805,2035~2305
7 A RMU,Korangi East,1035~1205,1335~1505,1735~1905,0005~0135
A-1 Center,Civic Center,0705~0835,1135~1305,1535~1705,1905~2035
Abbas Bawazir,Airport,0835~1105,1235~1535,1705~1935,2135~2335
Abdul Ghani,Gulistan E Johar,0805~0935,1235~1405,1535~1705,2135~2305
Abdul Mannan,Garden East,0935~1105,1335~1505,1705~1835,2305~0035
Abdul Rehman,KDA,0805~0935,1235~1405,1535~1705,2135~2305
Abdullah Gabol Village (Ex-Sector Y),Gulshan-E-Maymar,1105~1335,1505~1805,1935~2205,0005~0205
Abidabad (Ex-Mushtaq 1),Site,0705~0935,1135~1435,1635~1905,2035~2235
Achanak Hotel,Shadman,0705~0935,1135~1435,1635~1905,2035~2235
Acil,Valika,0735~1005,1205~1505,1635~1905,2105~2305
Adam Hingora Goth,Malir,0835~1105,1235~1535,1705~1935,2205~0005
Adullah Shah Ghazi Goth (Ex. Al-Azhar Garden),KDA,1035~1305,1505~1805,1935~2205,0005~0205
Afnan,Gulistan E Johar,0805~0935,1235~1405,1535~1705,2135~2305
Afridi Colony,Baldia,0735~0935,1105~1335,1505~1805,1935~2205
Afzal Motor,Port Qasim,0835~1105,1235~1535,1705~1935,2205~0005
Agha Shahi,Gadap,1105~1335,1505~1805,1935~2205,0005~0205
Ahsan Hotel,Site,0735~1005,1205~1505,1635~1905,2105~2305
Ahsan Medical,Surjani Town,1035~1305,1505~1805,1935~2205,0005~0205
Ahsanabad Phase-Iv,Gulshan-E-Maymar,0735~0935,1105~1335,1535~1835,2035~2305
Airport Telephone Exchange,Airport,0935~1205,1335~1635,1805~2035,2235~0035
Ajmair Garden,Gulshan-E-Maymar,1035~1205,1335~1505,1735~1905,0005~0135
Akram Store RMU,Baldia,0935~1105,1335~1505,1705~1835,2305~0035
Al Ghafoor Attrium,Shadman,0705~0835,1135~1305,1535~1705,1905~2035
Al Khair Bakers,Hospital,0835~1105,1235~1535,1705~1935,2135~2335
Al Wajid Town,Site,0735~1005,1205~1505,1635~1905,2105~2305
Al Watan,Surjani Town,0705~0935,1205~1505,1635~1905,2035~2235
Al-Akhwan Masjid,Federal B,0905~1135,1335~1635,1805~2035,2205~0005
Al-Asif Sq,Federal B,0735~1005,1205~1505,1635~1905,2035~2235
Aleem Paradise,Surjani Town,0735~1005,1205~1505,1635~1905,2035~2235
Aleemabad (Ex-Indus Mehran),Malir,0835~1105,1235~1535,1705~1935,2205~0005
Al-Fatah,Orangi Town,0735~1005,1205~1505,1635~1905,2105~2305
Al-Fawad Medical,Baldia,0735~0935,1105~1335,1505~1805,1935~2205
Al-Hira,North Karachi,0705~0935,1135~1435,1635~1905,2035~2235
Ali Garh Bazar,North Nazimabad,0735~1005,1205~1505,1635~1905,2035~2235
Ali Ice,Korangi Town,1035~1205,1335~1505,1735~1905,0005~0135
Alif Laila,Baldia,1005~1235,1435~1735,1905~2135,2305~0105
Alkaram Square,Liaquatabad,0705~0835,1205~1335,1535~1705,2135~2305
All Pakistan Patni Muslim Jamaat,Gulshan-E-Maymar,1035~1305,1505~1805,1935~2205,0005~0205
Al-Madina Godhra,Federal B,0905~1135,1335~1635,1805~2035,2205~0005
Al-Maroof Sweets,Old Golimar,1005~1235,1435~1735,1905~2135,2305~0105
Al-Mumtaz,Valika,0735~1005,1205~1505,1635~1905,2105~2305
Al-Murtaza,Liaquatabad,0935~1105,1335~1505,1705~1835,2305~0035
Al-Syed Centre,Landhi,0935~1205,1335~1635,1805~2035,2235~0035
Alvi Road,Lyari,1005~1235,1435~1735,1905~2135,2305~0105
Amalgamated,Korangi East,1105~1335,1505~1805,1935~2205,0005~0205
Amazon,Baldia,0935~1205,1335~1635,1805~2035,2205~0005
Amba Jee Villa Jee,Garden East,0935~1205,1405~1705,1835~2105,2305~0105
Amber Garment,Malir,0835~1105,1235~1535,1705~1935,2135~2335
Ameen Mazda,Labour Square,0705~0905,1105~1335,1505~1805,1935~2205
Amroha Society RMU,KDA,1105~1235,1505~1635,1805~1935,0035~0205
Ana Crown RMU (Ex - Ghanchi Para),Garden East,0705~0835,1205~1335,1535~1705,2135~2305
Anamta Society,Surjani Town,0735~1005,1205~1505,1635~1905,2035~2235
Anwar Mama Pmt,Korangi Town,0835~1105,1235~1535,1705~1935,2135~2335
Apwa College (Moosa Colony) (Ex-Govt. School),Liaquatabad,0935~1205,1335~1635,1805~2035,2235~0035
Ara Machine,Korangi Town,1035~1205,1335~1505,1735~1905,0005~0135
Areesha Chs (Ex-Johar Complex ),Gulistan E Johar,1035~1205,1335~1505,1735~1905,0005~0135
Army Flates,Jacobline,1105~1235,1505~1635,1805~1935,0035~0205
Ashraf Nagar,North Nazimabad,0935~1105,1335~1505,1705~1835,2305~0035
Asim Industries,Site,0735~1005,1205~1505,1635~1905,2105~2305
Asio African,Old Golimar,1005~1235,1435~1735,1905~2135,2305~0105
Asphalt Plant,KDA,0835~1105,1235~1535,1705~1935,2205~0005
Atlas Autos,Landhi,1035~1205,1335~1505,1735~1905,0005~0135
Atma Ram Pritam Das,Lyari,1005~1235,1435~1735,1905~2135,2305~0105
Aurangabad (Old Fine Textile),Site,1005~1235,1435~1735,1905~2135,2305~0105
Azam Basti,Mehmoodabad,0935~1205,1335~1635,1805~2035,2235~0035
Azeem Park,Gulshan,1035~1305,1505~1805,1935~2205,0005~0205
Azeem Plaza,Garden East,0935~1205,1335~1635,1805~2035,2235~0035
Aziz Baloch,Mauripur,0735~1005,1205~1505,1635~1905,2105~2305
Baba Wilayat Ali Shah,Airport 2,0805~0935,1235~1405,1535~1705,2135~2305
Badshah Khan RMU (Ex-Port Grand),Queens Road,0735~1005,1205~1505,1635~1905,2105~2305
Bagh E Malir,Airport 2,0835~1105,1235~1535,1705~1935,2205~0005
Baghdadi S/S,Lyari,1005~1235,1435~1735,1905~2135,2305~0105
Baldia School RMU,Landhi,0735~0935,1105~1335,1505~1805,2035~2305
Baloch Hotel RMU,Jail Road,1035~1305,1505~1805,1935~2205,0005~0205
Baloch Star RMU,Lyari,1005~1235,1435~1735,1905~2135,2305~0105
Balouchistan Partical Board,Hub Chowki,0705~0935,1135~1435,1635~1905,2035~2235
Banaras,North Nazimabad,0735~1005,1205~1505,1635~1905,2035~2235
Bandooq Wala,Garden East,0935~1205,1405~1705,1835~2105,2305~0105
Bank Alfalah,North Karachi,0935~1205,1335~1635,1805~2035,2235~0035
Bantwa S/S,Azizabad,0935~1205,1335~1635,1805~2035,2235~0035
Baraf Khana (Ex-Zam Zam Ice ),Airport 2,0835~1105,1235~1535,1705~1935,2135~2335
Baray Wala RMU,Korangi South,0935~1205,1335~1635,1805~2035,2235~0035
Barelli Colony,Airport,0835~1105,1235~1535,1705~1935,2135~2335
Barkat Market,North Karachi,0905~1135,1335~1635,1805~2035,2205~0005
Bashir Chowk,Gulshan-E-Maymar,0935~1205,1335~1635,1805~2035,2235~0035
Basra Soap,Federal A,0935~1205,1335~1635,1805~2035,2235~0035
Behar Colony,Old Town,1005~1235,1435~1735,1905~2135,2305~0105
Behar Pump,Lyari,1005~1235,1435~1735,1905~2135,2305~0105
Behavioral Sciences (Ex. Institute Of Behavior Science (Ibs)),Gulistan E Johar,0805~0935,1235~1405,1535~1705,2135~2305
Bijli Nagar,Site,0735~1005,1205~1505,1635~1905,2105~2305
Bilal Chowrangi,Korangi Town,0835~1105,1235~1535,1705~1935,2135~2335
Bilal Coach,Baldia,1005~1235,1405~1705,1905~2135,2335~0135
Bilal Masjid RMU,Memon Goth,0835~1105,1235~1535,1705~1935,2135~2335
Billing Zone,Orangi Town,0735~1005,1205~1505,1635~1905,2105~2305
Billys` Paradise,Hospital,0805~0935,1235~1405,1535~1705,2135~2305
Bismilla Chowk,Orangi Town,0935~1105,1335~1505,1635~1805,2035~2205
Bismillah Hotel,Site,0705~0905,1105~1335,1505~1805,1935~2205
Bismillah Market,KDA,0935~1105,1335~1505,1635~1805,2235~0005
Bithaiyabad,Gulistan E Johar,0835~1105,1235~1535,1705~1935,2205~0005
Block # 5 RMU,Airport,0835~1105,1235~1535,1705~1935,2135~2335
Block D,Malir,0805~0935,1235~1405,1535~1705,2135~2305
Block G,North Nazimabad,0735~1005,1205~1505,1635~1905,2035~2235
Blue Bird,Valika,0735~0935,1105~1335,1505~1805,1935~2205
Boore Khan,Liaquatabad,0935~1205,1335~1635,1805~2035,2235~0035
Bostrial Jail,KEPZ,0835~1105,1235~1535,1705~1935,2205~0005
Bright Star,Surjani Town,0705~0835,1205~1335,1535~1705,2135~2305
Bsk School RMU,Lyari,1005~1235,1435~1735,1905~2135,2305~0105
Burhani Garden,Memon Goth,0835~1105,1235~1535,1705~1935,2135~2335
Burmi Colony RMU (Ex-Darul Ullom),Korangi East,0935~1105,1335~1505,1635~1805,2235~0005
C- Station,P R L,1105~1335,1505~1805,1935~2205,0005~0205
C-1 Area,Liaquatabad,0705~0835,1205~1335,1535~1705,2135~2305
Cafe Millat,Liaquatabad,0705~0835,1205~1335,1535~1705,2135~2305
Callachi (Chs),Hospital,0935~1105,1335~1505,1635~1805,2235~0005
Caltex,Clifton,0735~1005,1205~1505,1635~1905,2105~2305
Cantt Pumping,Airport,0805~0935,1235~1405,1535~1705,2135~2305
Cattle Colony,KEPZ,0935~1205,1335~1635,1805~2035,2235~0035
Central Cardboard,Malir,0805~0935,1235~1405,1535~1705,2135~2305
Chakra Goth,P R L,0835~1105,1235~1535,1705~1935,2135~2335
Chambeli,Gulshan-E-Maymar,1105~1335,1505~1805,1935~2205,0005~0205
Chand Market,Federal B,0705~0835,1135~1305,1535~1705,1905~2035
Chandni Chowk,North Nazimabad,0935~1205,1405~1705,1835~2105,2335~0135
Chappel Up Town,Gulshan-E-Maymar,1035~1205,1335~1505,1735~1905,0005~0135
Chapter School,Baloch Colony,0705~0835,1205~1335,1535~1705,2135~2305
Chattai Ground (Ex-Kousar Ice),Airport 2,0835~1105,1235~1535,1705~1935,2135~2335
Chawla Flate,Civic Center,0935~1205,1405~1705,1835~2105,2305~0105
Cheezalabad (Ex-Humayun Saghir(Ex-Mossa Dawood),Hub Chowki,0705~0935,1135~1435,1635~1905,2035~2235
Chiniot Hospital,Korangi South,0935~1105,1335~1505,1635~1805,2235~0005
City Center,Civic Center,0705~0835,1135~1305,1535~1705,1905~2035
City Government Press,Garden East,0935~1205,1405~1705,1835~2105,2335~0135
Clayton Quarter,Jail Road,0905~1135,1335~1635,1805~2035,2205~0005
Commercial Cold Storage,Old Town,0935~1205,1335~1635,1805~2035,2205~0005
Concrete Engg,Landhi,0935~1205,1335~1635,1805~2035,2235~0035
Cop RMU,Jacobline,0735~1005,1205~1505,1635~1905,2035~2235
Cotton Research,Queens Road,0705~0905,1105~1335,1505~1805,1935~2205
Country Tower,Shadman,0705~0835,1205~1335,1535~1705,2135~2305
Court Road,Elender Rd,1105~1235,1505~1635,1805~1935,0035~0205
Crown Cinema,Lyari,1005~1235,1435~1735,1905~2135,2305~0105
Crown Grinding,Mauripur,0735~0935,1105~1335,1505~1805,1935~2205
D Area,Korangi South,0735~0935,1105~1335,1505~1805,2035~2305
Dairy Queen (Ex-Raheem Goth),Surjani Town,0735~1005,1205~1505,1635~1905,2035~2235
Danish Farm RMU (Ex-O/H Pole-1),Gadap,1105~1335,1505~1805,1935~2205,0005~0205
Dasht,Mauripur,0935~1205,1335~1635,1805~2035,2205~0005
Data Chowk,Orangi Town,0935~1105,1335~1505,1635~1805,2035~2205
Dawood Cotton,New Landhi,0735~0935,1105~1335,1535~1835,2035~2305
Degree Science College,Memon Goth,0835~1105,1235~1535,1705~1935,2205~0005
Deh Kathore,Malir,0835~1105,1235~1535,1705~1935,2205~0005
Deh Landhi,Landhi,0935~1205,1335~1635,1805~2035,2235~0035
Deh Shah Mureed,Gadap,1105~1335,1505~1805,1935~2205,0005~0205
Deh Taiser,Surjani Town,0935~1205,1405~1705,1835~2105,2305~0105
Delux Town,Federal A,0735~1005,1205~1505,1635~1905,2035~2235
Denso Road,Old Town,1005~1235,1435~1735,1905~2135,2305~0105
Dental College,Federal B,0735~1005,1205~1505,1635~1905,2035~2235
Dmc Hostle,Jacobline,0935~1205,1405~1705,1835~2105,2305~0105
Doosa Wool,Lyari,1005~1235,1435~1735,1905~2135,2305~0105
Dua Chowk,Orangi Town,1105~1235,1505~1635,1805~1935,0035~0205
Dubai Mall,Gulistan E Johar,0835~1105,1235~1535,1705~1935,2205~0005
Dyer Textile,Old Golimar,0735~0935,1105~1335,1505~1805,1935~2205
Eagle,Civic Center,0705~0835,1205~1335,1535~1705,2135~2305
Edhi Clinic,Valika,0735~1005,1205~1505,1635~1905,2105~2305
Eid Gah,Baldia,0705~0905,1105~1335,1505~1805,1935~2205
Ever Green,Surjani Town,1035~1305,1505~1805,1935~2205,0005~0205
F South,Airport 2,0835~1105,1235~1535,1705~1935,2205~0005
Falak Naz,Airport,0805~0935,1235~1405,1535~1705,2135~2305
Falak Noor,West Wharf,1005~1235,1405~1705,1905~2135,2335~0135
Fancy Height,KDA,0735~0935,1105~1335,1505~1805,2035~2305
Faqir Colony,Baldia,0735~1005,1205~1505,1635~1905,2105~2305
Farhat Bagh,Malir,0835~1105,1235~1535,1705~1935,2205~0005
Fast RMU,KEPZ,1035~1305,1505~1805,1935~2205,0005~0205
Fazal Pan RMU,Jacobline,0735~1005,1205~1505,1635~1905,2035~2235
Fazal Shafiq,Landhi,0835~1105,1235~1535,1705~1935,2205~0005
Fc4,Liaquatabad,0935~1205,1335~1635,1805~2035,2235~0035
Fida Hussain Shaikha Road,Lyari,1005~1235,1435~1735,1905~2135,2305~0105
Firdous Textile,Landhi,0835~1105,1235~1535,1705~1935,2205~0005
Foundation Gas,Korangi Town,0835~1105,1235~1535,1705~1935,2135~2335
Frontier Colony,Site,0735~1005,1205~1505,1635~1905,2105~2305
Fruit Mandi (Ex. Hadiabad),KDA,1105~1235,1505~1635,1805~1935,0035~0205
"G,Market",Korangi South,0805~0935,1235~1405,1535~1705,2135~2305
Ganhwar Khan Gabol (Ex. Kiran Hospital),KDA,1105~1335,1505~1805,1935~2205,0005~0205
Garden City,Gulshan-E-Maymar,1035~1305,1505~1805,1935~2205,0005~0205
Gas Turbine,Korangi Town,0835~1105,1235~1535,1705~1935,2205~0005
Gateway (Ex-Noorani Apartment),Old Town,1005~1235,1435~1735,1905~2135,2305~0105
German School,Orangi Town,1105~1235,1505~1635,1805~1935,0035~0205
Ghalib Cinema,Korangi South,1105~1235,1505~1635,1805~1935,0035~0205
Ghanchi Para (Ex-Ana Crown RMU),Old Town,0705~0935,1135~1435,1635~1905,2035~2235
Ghaniabad (Ex-Sector R),Gulshan-E-Maymar,0735~0935,1105~1335,1535~1835,2035~2305
Gharib Shah,Old Town,1005~1235,1435~1735,1905~2135,2305~0105
Ghazi Town,Airport 2,0835~1105,1235~1535,1705~1935,2205~0005
Ghaziabad Pumping,Orangi Town,0935~1205,1335~1635,1805~2035,2205~0005
Ghosia Road RMU,Lyari,1005~1235,1435~1735,1905~2135,2305~0105
Ghous Pak Road RMU,Korangi South,0805~0935,1235~1405,1535~1705,2135~2305
Ghousia Bakery,Civic Center,0905~1135,1335~1635,1805~2035,2205~0005
Ghousia Grave Yard,Site,0735~1005,1205~1505,1635~1905,2105~2305
Global City,Surjani Town,0705~0935,1205~1505,1635~1905,2035~2235
Gol Sabeel (Ex-Bahawalpur),Baldia,0735~0935,1105~1335,1505~1805,1935~2205
Grain Godown,R E C P,0935~1205,1335~1635,1805~2035,2235~0035
Green Park City,Landhi,0935~1205,1335~1635,1805~2035,2235~0035
Gul Houses,Gulistan E Johar,0805~0935,1235~1405,1535~1705,2135~2305
Gulbahar,Liaquatabad,0935~1105,1335~1505,1705~1835,2305~0035
Gulistan Colony,Lyari,1005~1235,1435~1735,1905~2135,2305~0105
Gulistan Market RMU,Korangi South,1035~1305,1505~1805,1935~2205,0005~0205
Gulshan E Akbar RMU,Airport 2,0805~0935,1235~1405,1535~1705,2135~2305
Gulshan E Askari,Landhi,0835~1105,1235~1535,1705~1935,2135~2335
Gulshan E Hassam,Orangi Town,0935~1205,1335~1635,1805~2035,2205~0005
Gulshan E Sheraz,Surjani Town,1105~1335,1505~1805,1935~2205,0005~0205
Gulshan View,Federal A,1035~1305,1505~1805,1935~2205,0005~0205
Hafiz Sweets (Ex-Police Station ),Airport 2,0835~1105,1235~1535,1705~1935,2205~0005
Haji Camp,Queens Road,0735~0935,1105~1335,1505~1805,1935~2205
Haji Ismail,Old Town,1005~1235,1435~1735,1905~2135,2305~0105
Haji Mureed Goth,Jail Road,1035~1305,1505~1805,1935~2205,0005~0205
Haji Peer Muhammad,Old Town,1005~1235,1435~1735,1905~2135,2305~0105
Halari Memon,KDA,1035~1205,1335~1505,1735~1905,0005~0135
Hanif Shah,Valika,0705~0935,1135~1435,1635~1905,2035~2235
Happy Pan House,Baldia,1005~1235,1405~1705,1905~2135,2335~0135
Hari Masjid,Lyari,1005~1235,1435~1735,1905~2135,2305~0105
Harmon Mohta,Queens Road,0705~0935,1205~1505,1635~1905,2035~2235
Haroon Behria,Baldia,0935~1105,1335~1505,1635~1805,2035~2205
Haryana Colony,Baldia,0735~1005,1205~1505,1635~1905,2105~2305
Hassan Brohi Goth,Surjani Town,0935~1205,1405~1705,1835~2105,2305~0105
Hayat Baig,Surjani Town,1035~1305,1505~1805,1935~2205,0005~0205
Health Care Pole 80,Surjani Town,0935~1205,1335~1635,1805~2035,2235~0035
Hijrat Colony-1,Queens Road,0705~0905,1105~1335,1505~1805,1935~2205
Hikmat Institute,Valika,0735~1005,1205~1505,1635~1905,2105~2305
Huderwah RMU,Gadap,1105~1335,1505~1805,1935~2205,0005~0205
Hurriyat Nagar,Orangi Town,0705~0935,1205~1505,1635~1905,2035~2235
Hussain 3,Landhi,1035~1305,1505~1805,1935~2205,0005~0205
Hussain Hazara Goth,Hospital,0735~0935,1105~1335,1505~1805,2035~2305
Hussani RMU,Memon Goth,0835~1105,1235~1535,1705~1935,2205~0005
Hydro Carbon,Elender Rd,0705~0935,1205~1505,1635~1905,2035~2235
Ia Industry,Mauripur,1105~1235,1505~1635,1805~1935,0035~0205
Ibrahim Ali Bhai,Site,0735~1005,1205~1505,1635~1905,2105~2305
Ibrahim Hadri,P R L,1105~1335,1505~1805,1935~2205,0005~0205
Ikhlaq Chowk (Ex-Masjid-E-Aqsa),West Wharf,1005~1235,1405~1705,1905~2135,2335~0135
Ilyas Goth,Liaquatabad,0935~1205,1335~1635,1805~2035,2235~0035
International Gum (Ex-Bela Engineering),Hub Chowki,0705~0935,1135~1435,1635~1905,2035~2235
International Industries Limited (Iil),KEPZ,1105~1235,1505~1635,1805~1935,0035~0205
Iqbal Center,Elender Rd,0935~1205,1405~1705,1835~2105,2335~0135
Iqbal Plaza,Shadman,0705~0835,1205~1335,1535~1705,2135~2305
Iqbal Road Pmt,Baldia,1005~1235,1435~1735,1905~2135,2305~0105
Islamia Colony,Orangi Town,0705~0935,1205~1505,1635~1905,2035~2235
Islamic Mission,P R L,0735~0935,1105~1335,1505~1805,2035~2305
Ismailia Platinium,Garden East,0935~1205,1405~1705,1835~2105,2305~0105
Ittehad Oil,Korangi Town,1035~1205,1335~1505,1735~1905,0005~0135
J 1 Area RMU,Korangi East,1035~1205,1335~1505,1735~1905,0005~0135
Jacobline Complex 1,Jacobline,0735~1005,1205~1505,1635~1905,2035~2235
Jam Sahib,Baldia,1105~1235,1505~1635,1805~1935,0035~0205
Jama Cloth,Elender Rd,1105~1235,1505~1635,1805~1935,0035~0205
Jamal Garden (Ex-Mansehra Colony),New Landhi,0935~1205,1335~1635,1805~2035,2235~0035
Jamia Sibtain,Gulshan,0935~1105,1335~1505,1635~1805,2235~0005
Jamil Masjid RMU (Ex- Rehmaniya Masjid),Korangi Town,1105~1235,1505~1635,1805~1935,0035~0205
Jeevani Height,KDA,1105~1335,1505~1805,1935~2205,0005~0205
Jhanjhar,KDA,0835~1105,1235~1535,1705~1935,2205~0005
Juma Khan RMU,Hub Chowki,0705~0935,1135~1435,1635~1905,2035~2235
Jumma Baloch,Lyari,1005~1235,1435~1735,1905~2135,2305~0105
Jumma Village,Korangi South,0835~1105,1235~1535,1705~1935,2135~2335
Junaid Trade Center,Old Town,0935~1105,1335~1505,1635~1805,2035~2205
Kaghzi Bazaar (Ex-Sarafa Bazaar),Queens Road,0705~0835,1135~1305,1535~1705,1905~2035
Kaka Khail,KDA,0735~0935,1105~1335,1535~1835,2035~2305
Kala Board Centre,Airport 2,0835~1105,1235~1535,1705~1935,2205~0005
Kala School,Surjani Town,0935~1205,1335~1635,1805~2035,2235~0035
Kamal Petrol Pump,Orangi Town,1105~1235,1505~1635,1805~1935,0035~0205
Kamran Distributer,Site,0705~0835,1205~1335,1535~1705,2035~2205
Kaneez Fatima,Surjani Town,0735~1005,1205~1505,1635~1905,2035~2235
Kanupp Pumping,Mauripur,0935~1205,1335~1635,1805~2035,2205~0005
Karnal Basti,Civic Center,0935~1205,1405~1705,1835~2105,2305~0105
Kathiawar,KDA,1035~1205,1335~1505,1735~1905,0005~0135
Kati Pahari,North Nazimabad,0735~1005,1205~1505,1635~1905,2035~2235
Kda Empoleey Society,KDA,0805~0935,1235~1405,1535~1705,2135~2305
Kda Low Coast,Jacobline,0705~0935,1205~1505,1635~1905,2035~2235
Kda Pumping Station Baldia,Labour Square,0735~0935,1105~1335,1505~1805,1935~2205
Kda Water Pump,Landhi,0735~0935,1105~1335,1505~1805,2035~2305
Kemari Centre,Clifton,0705~0835,1205~1335,1535~1705,2035~2205
Khadda Abadi,Korangi Town,0835~1105,1235~1535,1705~1935,2135~2335
Khalid Nagori (Ex-Baghdadi Masjid),Jail Road,0705~0835,1205~1335,1535~1705,2135~2305
Khalid Pumping,Memon Goth,0835~1105,1235~1535,1705~1935,2205~0005
Khan Brothers,Federal A,0735~1005,1205~1505,1635~1905,2035~2235
Khando Goth,North Nazimabad,0705~0835,1135~1305,1535~1705,1905~2035
Khatak RMU,Orangi Town,0935~1205,1335~1635,1805~2035,2205~0005
Khatri,Shadman,0905~1135,1335~1635,1805~2035,2205~0005
Khawaja Ajmair Nagri,Valika,0705~0935,1135~1435,1635~1905,2035~2235
Khawaja Autos,Landhi,0935~1205,1335~1635,1805~2035,2235~0035
Khayaban-E-Muhammed,Memon Goth,0835~1105,1235~1535,1705~1935,2135~2335
Khayam Town,North Karachi,0905~1135,1335~1635,1805~2035,2205~0005
Khokarapark RMU,Memon Goth,0835~1105,1235~1535,1705~1935,2135~2335
Khuda Ki Basti,Surjani Town,0935~1205,1405~1705,1835~2105,2305~0105
Khwja Gharib Nawaz,Orangi Town,1105~1235,1505~1635,1805~1935,0035~0205
Khyaban-E-Hafiz,Gizri,0705~0935,1205~1505,1635~1905,2035~2235
King Hatechery,R E C P,0935~1205,1335~1635,1805~2035,2235~0035
Kmc Abitar,KEPZ,0935~1205,1335~1635,1805~2035,2235~0035
Kmc Boosting,Airport,0805~0935,1235~1405,1535~1705,2135~2305
Knowledge School,Shadman,0935~1205,1405~1705,1835~2105,2305~0105
Kohinoor 2,Baldia,1005~1235,1435~1735,1905~2135,2305~0105
Korangi Asphalt Plant,Korangi Town,0935~1105,1335~1505,1635~1805,2235~0005
Korangi Crossing (Ex-Yasir Associate),Qayyumabad,0935~1105,1335~1505,1705~1835,2305~0035
Korangi Telephone Exchange # 03 (Ex-51 - C),Korangi South,0835~1105,1235~1535,1705~1935,2135~2335
Korangi Zoo,Korangi Town,0835~1105,1235~1535,1705~1935,2135~2335
Kwsb Chakiwara,Old Town,1005~1235,1435~1735,1905~2135,2305~0105
Laal Market 23\3,Surjani Town,0935~1205,1335~1635,1805~2035,2235~0035
Laal Muhammed Goth,Korangi Town,0835~1105,1235~1535,1705~1935,2205~0005
Labour Flate,KEPZ,0935~1205,1335~1635,1805~2035,2235~0035
Lac Bus Stop,Mehmoodabad,0935~1205,1335~1635,1805~2035,2235~0035
Lal Masjid,Civil Aviation,0835~1105,1235~1535,1705~1935,2205~0005
Landhi A,Landhi,1035~1305,1505~1805,1935~2205,0005~0205
Landhi B,Landhi,0735~0935,1105~1335,1535~1835,2035~2305
Landhi C,Korangi South,0735~0935,1105~1335,1505~1805,2035~2305
Lashari Goth,Gharo,0805~0935,1235~1405,1535~1705,2135~2305
Lasi RMU,Korangi East,0935~1205,1335~1635,1805~2035,2235~0035
Lateef Jute,Hub Chowki,0705~0935,1135~1435,1635~1905,2035~2235
Lawrence Appartment,Old Town,0935~1205,1335~1635,1805~2035,2205~0005
Lea Market RMU,Old Town,0935~1205,1335~1635,1805~2035,2205~0005
Liaqautabad 2,Liaquatabad,0705~0835,1205~1335,1535~1705,2135~2305
Liberty Oil,Old Town,1005~1235,1435~1735,1905~2135,2305~0105
Lodhi House,Shadman,0705~0835,1205~1335,1535~1705,2135~2305
Lubna Farm,Gadap,0735~0935,1105~1335,1505~1805,2035~2305
Lyari Centre 3,Lyari,1005~1235,1435~1735,1905~2135,2305~0105
Lyari Express Way,Mauripur,0935~1205,1335~1635,1805~2035,2205~0005
Lyari Fire Brigade,Old Town,1005~1235,1435~1735,1905~2135,2305~0105
Lyari Ice,Lyari,0935~1105,1335~1505,1705~1835,2305~0035
Lyari Pumping,Old Town,1005~1235,1435~1735,1905~2135,2305~0105
Lyari Telephone Exchange,Lyari,1005~1235,1435~1735,1905~2135,2305~0105
M Sharif RMU,Korangi South,0735~0935,1105~1335,1505~1805,2035~2305
Machhar Colony,Lyari,1005~1235,1435~1735,1905~2135,2305~0105
Madarsa Taleem Ul Quran,Dhabeji,0835~1105,1235~1535,1705~1935,2205~0005
Majeed Colony,KEPZ,0735~0935,1105~1335,1505~1805,2035~2305
Major Mansha Farm (Ex-Kda 3 ),Dhabeji,0805~0935,1235~1405,1535~1705,2135~2305
Malik Chowk,Baldia,0735~1005,1205~1505,1635~1905,2105~2305
Malir C,Malir,0805~0935,1235~1405,1535~1705,2135~2305
Malir City,Airport 2,0805~0935,1235~1405,1535~1705,2135~2305
Mangho Peer Road,Valika,0705~0935,1135~1435,1635~1905,2035~2235
Mangiyani RMU,Hub Chowki,0705~0935,1135~1435,1635~1905,2035~2235
Mansoor Sher RMU,Baldia,0935~1205,1335~1635,1805~2035,2205~0005
Maraqaba Hall,North Karachi,0905~1135,1335~1635,1805~2035,2205~0005
Marora,Gulistan E Johar,0835~1105,1235~1535,1705~1935,2135~2335
Mashriq Society,Gulshan-E-Maymar,0735~0935,1105~1335,1505~1805,2035~2305
Masjid E Aqsa,Mehmoodabad,0935~1205,1335~1635,1805~2035,2235~0035
Masjid Khairrul Ammal,Liaquatabad,1035~1305,1505~1805,1935~2205,0005~0205
Masjid-E-Akber,Baldia,1005~1235,1405~1705,1905~2135,2335~0135
Masjid-E-Quba,Orangi Town,0735~1005,1205~1505,1635~1905,2105~2305
Mason Road RMU,Clifton,0735~1005,1205~1505,1635~1905,2105~2305
Maula Dad Village,Old Golimar,0705~0935,1135~1435,1635~1905,2035~2235
Mauripur Center,Mauripur,0735~1005,1205~1505,1635~1905,2105~2305
Maximus,Mauripur,0705~0935,1135~1435,1635~1905,2035~2235
Maymarabad,Surjani Town,0705~0835,1135~1305,1535~1705,1905~2035
Medicos,KEPZ,0735~0935,1105~1335,1505~1805,2035~2305
Meeruth Society,KDA,0835~1105,1235~1535,1705~1935,2205~0005
Mehmoodabad Abc,Mehmoodabad,0705~0835,1205~1335,1535~1705,2135~2305
Mehrab Khan,Elender Rd,1035~1305,1505~1805,1935~2205,0005~0205
Memon Goth Telephone Exchange,Memon Goth,0835~1105,1235~1535,1705~1935,2205~0005
Mes-105,Malir,0835~1105,1235~1535,1705~1935,2135~2335
Metal Complex,Landhi,0935~1205,1335~1635,1805~2035,2235~0035
Metroville,Site,0735~1005,1205~1505,1635~1905,2105~2305
Mfmy,Site,0705~0835,1205~1335,1535~1705,2035~2205
Mian Institute (Ex-Deh Taiser Sub Station 4),Surjani Town,0935~1205,1405~1705,1835~2105,2305~0105
Mian Wali,Valika,0705~0935,1135~1435,1635~1905,2035~2235
Michal Academy,Surjani Town,0905~1135,1335~1635,1805~2035,2205~0005
Midpoint,Old Town,0935~1205,1335~1635,1805~2035,2205~0005
Milk Plant (Ex Panama),Civic Center,0935~1205,1405~1705,1835~2105,2305~0105
Mill Rock,P R L,0735~0935,1105~1335,1505~1805,2035~2305
Millat Town RMU,Korangi East,1105~1235,1505~1635,1805~1935,0035~0205
Minister Residency,Clifton,0705~0935,1205~1505,1635~1905,2035~2235
Modern Complex,Shadman,0935~1205,1335~1635,1805~2035,2235~0035
Moinabad,Civil Aviation,0805~0935,1235~1405,1535~1705,2135~2305
Mominabad,Baldia,0705~0905,1105~1335,1505~1805,1935~2205
Monotechnical RMU,Surjani Town,0905~1135,1335~1635,1805~2035,2205~0005
Moon Light,Korangi East,1105~1235,1505~1635,1805~1935,0035~0205
Moona Arcade,Jacobline,0705~0835,1135~1305,1535~1705,1905~2035
Moosa Lane RMU,Old Town,0935~1205,1335~1635,1805~2035,2205~0005
Mujahid Colony,Gulshan,1105~1335,1505~1805,1935~2205,0005~0205
Mulla Esse Goth (Ex-Jalbani Goth),Memon Goth,0835~1105,1235~1535,1705~1935,2205~0005
Munawwar Engineering,Liaquatabad,0705~0835,1205~1335,1535~1705,2135~2305
Mundra Chowk 1,Clifton,0735~1005,1205~1505,1635~1905,2105~2305
Mundra Chowk 2,Clifton,0735~1005,1205~1505,1635~1905,2105~2305
Muree Goth,R E C P,0935~1205,1335~1635,1805~2035,2235~0035
Musharaf Colony RMU,Baldia,0935~1205,1335~1635,1805~2035,2205~0005
Muslim Town,North Karachi,0705~0835,1205~1335,1535~1705,2135~2305
Mustafabad Pumping Station,North Nazimabad,1035~1305,1505~1805,1935~2205,0005~0205
Muzzafrabad,KEPZ,0735~0935,1105~1335,1505~1805,2035~2305
Nafees Cinema,Malir,0835~1105,1235~1535,1705~1935,2135~2335
Nagori Hospital RMU,Garden East,0935~1105,1335~1505,1705~1835,2305~0035
Nagwan Village,Jail Road,0905~1135,1335~1635,1805~2035,2205~0005
Nairang Cinema,Liaquatabad,0905~1135,1335~1635,1805~2035,2205~0005
Nasir Colony,P R L,0835~1105,1235~1535,1705~1935,2135~2335
Natha Khan RMU,Airport,0805~0935,1235~1405,1535~1705,2135~2305
National Medical Centre RMU,Korangi East,0935~1205,1335~1635,1805~2035,2235~0035
National Youth Centre,North Nazimabad,1035~1305,1505~1805,1935~2205,0005~0205
Naval Low Cost,Baldia,1005~1235,1405~1705,1905~2135,2335~0135
Nawabad,Old Town,1005~1235,1435~1735,1905~2135,2305~0105
Nazar Ali Wells,Memon Goth,0835~1105,1235~1535,1705~1935,2135~2335
Nazia Square,Shadman,0905~1135,1335~1635,1805~2035,2205~0005
Nazimabad Post Office,North Nazimabad,0935~1205,1405~1705,1835~2105,2305~0105
New Karachi,Federal B,0935~1205,1335~1635,1805~2035,2235~0035
New Kumharwara,Old Town,1005~1235,1435~1735,1905~2135,2305~0105
New Sabzi Mandi,KDA,0735~0935,1105~1335,1505~1805,2035~2305
New Zakiria Goth,KDA,1105~1335,1505~1805,1935~2205,0005~0205
Nice Bakers,North Karachi,0935~1205,1335~1635,1805~2035,2235~0035
Night Slum,Lyari,1005~1235,1435~1735,1905~2135,2305~0105
Nishan E Haider,Orangi Town,1105~1235,1505~1635,1805~1935,0035~0205
Nital Colony,Haroonabad,1005~1235,1435~1735,1905~2135,2305~0105
Noor Bhai,Korangi East,0735~0935,1105~1335,1505~1805,2035~2305
Noorani Masjid RMU,Baldia,1005~1235,1435~1735,1905~2135,2305~0105
Noori Baba RMU,Jail Road,0905~1135,1335~1635,1805~2035,2205~0005
Noori Police,Orangi Town,0735~1005,1205~1505,1635~1905,2105~2305
North Vista,Azizabad,0705~0835,1135~1305,1535~1705,1905~2035
Northern Bypass,Gulshan-E-Maymar,0735~0935,1105~1335,1535~1835,2035~2305
Northern Electric,Baldia,0705~0905,1105~1335,1505~1805,1935~2205
Nucles House,Korangi Town,0935~1105,1335~1505,1635~1805,2235~0005
Nusrat Bhutto More,Valika,0705~0835,1135~1305,1535~1705,1905~2035
Oakland School (Ex-Pole 19),Surjani Town,0935~1205,1335~1635,1805~2035,2235~0035
Ocean Lawn RMU,Shadman,0935~1105,1335~1505,1705~1835,2305~0035
Offbeat Street,Old Town,1005~1235,1435~1735,1905~2135,2305~0105
Okhai Memon,Old Town,1005~1235,1435~1735,1905~2135,2305~0105
Old Golimar,Old Golimar,0705~0935,1135~1435,1635~1905,2035~2235
Old Haji Camp,Old Town,1005~1235,1435~1735,1905~2135,2305~0105
Old Jacobline,Jacobline,0735~1005,1205~1505,1635~1905,2035~2235
Old Thana,Korangi South,1035~1305,1505~1805,1935~2205,0005~0205
Old Town RMU - 2,Old Town,0935~1205,1335~1635,1805~2035,2205~0005
Olympic Pride (Ex-Pole 12/13 Sector L1),Surjani Town,0705~0835,1135~1305,1535~1705,1905~2035
Omni Bus,P R L,0835~1105,1235~1535,1705~1935,2135~2335
Opel Lab,Korangi East,1035~1305,1505~1805,1935~2205,0005~0205
Orangi Ice,North Nazimabad,0735~1005,1205~1505,1635~1905,2035~2235
Orangi Medicos,Site,0705~0935,1205~1505,1635~1905,2035~2235
P & T Colony,Gizri,0705~0935,1205~1505,1635~1905,2035~2235
Pahar Ganj,North Nazimabad,1035~1305,1505~1805,1935~2205,0005~0205
Pak Hye Oil,Korangi Town,1035~1205,1335~1505,1735~1905,0005~0135
Pak Ice,Old Town,0705~0935,1135~1435,1635~1905,2035~2235
Pak Steel Yard RMU,Gulshan-E-Maymar,1105~1335,1505~1805,1935~2205,0005~0205
Pakhtoon Chowk,Korangi Town,1035~1205,1335~1505,1735~1905,0005~0135
Pakistan Bazar,Baldia,0935~1205,1335~1635,1805~2035,2205~0005
Paras,Civic Center,0705~0835,1205~1335,1535~1705,2135~2305
Parco 3,P R L,0805~0935,1235~1405,1535~1705,2135~2305
Parsi Trust,Gizri,0935~1205,1335~1635,1805~2035,2235~0035
Pasban Masjid,Garden East,0705~0935,1135~1435,1635~1905,2035~2235
Pawel Cell,Hub Chowki,0705~0935,1135~1435,1635~1905,2035~2235
Pechs Block 2,Jacobline,0735~1005,1205~1505,1635~1905,2035~2235
Peer Mahfooz,Airport 2,0805~0935,1235~1405,1535~1705,2135~2305
Peerabad,Haroonabad,0735~1005,1205~1505,1635~1905,2105~2305
Peetal Gali,Jail Road,1035~1305,1505~1805,1935~2205,0005~0205
Pehelwan Goth (Ex. Safari Blessings(Ex- Rabia Associates),Gulistan E Johar,1105~1335,1505~1805,1935~2205,0005~0205
Pentium 4,Shadman,0935~1205,1335~1635,1805~2035,2235~0035
People'S Colony Pole,North Karachi,0705~0935,1205~1505,1635~1905,2035~2235
Peshawari Ice Cream RMU,Baloch Colony,0905~1135,1335~1635,1805~2035,2205~0005
Pipe Factory,Gulshan,1035~1305,1505~1805,1935~2205,0005~0205
"Pole ,56",Korangi Town,0935~1105,1335~1505,1635~1805,2235~0005
Pole 1,Landhi,0735~0935,1105~1335,1505~1805,2035~2305
Pole 17,North Karachi,0935~1205,1335~1635,1805~2035,2235~0035
Pole 30,Valika,0735~1005,1205~1505,1635~1905,2105~2305
Pole 49,Valika,0705~0935,1205~1505,1635~1905,2035~2235
Pole 58 RMU,Memon Goth,0835~1105,1235~1535,1705~1935,2205~0005
Pole 62,Valika,0735~1005,1205~1505,1635~1905,2105~2305
Pole 70,P R L,0835~1105,1235~1535,1705~1935,2135~2335
Pole-20,Federal B,0735~1005,1205~1505,1635~1905,2035~2235
Poly Trade,Port Qasim,0935~1205,1335~1635,1805~2035,2235~0035
Poona Wala,Clifton,0735~1005,1205~1505,1635~1905,2105~2305
Prem Villas,Gulistan E Johar,0835~1105,1235~1535,1705~1935,2205~0005
Prince Ali,KDA,0705~0935,1135~1435,1635~1905,2035~2235
Pulia Wala,Orangi Town,0705~0935,1205~1505,1635~1905,2035~2235
Pumping Pmt 1 RMU,Mehmoodabad,0705~0835,1205~1335,1535~1705,2135~2305
Punjab Town,Airport 2,0805~0935,1235~1405,1535~1705,2135~2305
Pwd Pumping2,Liaquatabad,0935~1205,1335~1635,1805~2035,2235~0035
Qadir Khan RMU,Lyari,1005~1235,1435~1735,1905~2135,2305~0105
Qaim Khani Pole 23,Baldia,1005~1235,1435~1735,1905~2135,2305~0105
Qalandarabad,Gulistan E Johar,0805~0935,1235~1405,1535~1705,2135~2305
Qasba Pumping,Valika,0735~1005,1205~1505,1635~1905,2105~2305
Qasim Bhai Moosa Bhai,Garden East,0935~1205,1335~1635,1805~2035,2235~0035
Qazzafi Chowk,Orangi Town,0705~0835,1205~1335,1535~1705,2035~2205
Qdc,Civic Center,0905~1135,1335~1635,1805~2035,2205~0005
Quaidabad Shopping Centre,Landhi,0935~1205,1335~1635,1805~2035,2235~0035
Quetta Town,Gulshan-E-Maymar,1035~1305,1505~1805,1935~2205,0005~0205
Qureshi Colony,Liaquatabad,1105~1335,1505~1805,1935~2205,0005~0205
Qutbi Hotel,Baldia,1005~1235,1435~1735,1905~2135,2305~0105
Rabia City 1,Hospital,1035~1305,1505~1805,1935~2205,0005~0205
Raheel Avenue,Valika,0705~0835,1205~1335,1535~1705,2035~2205
Rahman Colony,Baloch Colony,0705~0835,1205~1335,1535~1705,2135~2305
Railway Colony,Elender Rd,1035~1305,1505~1805,1935~2205,0005~0205
Raja Poultry Farm,R E C P,0835~1105,1235~1535,1705~1935,2205~0005
Ram Suami,Garden East,0935~1105,1335~1505,1705~1835,2305~0035
Rangeen Cinema,Landhi,0935~1205,1335~1635,1805~2035,2235~0035
Rao R.M.U,Baloch Colony,0705~0835,1205~1335,1535~1705,2135~2305
Rasool Bagh,Jail Road,0935~1205,1405~1705,1835~2105,2335~0135
Rauf Oil,Old Town,1005~1235,1435~1735,1905~2135,2305~0105
Raza Residency,Airport 2,0805~0935,1235~1405,1535~1705,2135~2305
Rehbar Club S/S,Jail Road,1035~1305,1505~1805,1935~2205,0005~0205
Rehmania,Liaquatabad,0705~0835,1205~1335,1535~1705,2135~2305
Rehmania Garden,Jail Road,0935~1105,1335~1505,1705~1835,2305~0035
Rest House,Memon Goth,0835~1105,1235~1535,1705~1935,2205~0005
Reta Plot,Airport,0835~1105,1235~1535,1705~1935,2135~2335
Revenue Office,Garden East,0935~1105,1335~1505,1705~1835,2305~0035
Rexer Lane,Garden East,0705~0935,1135~1435,1635~1905,2035~2235
Riaz Hotel RMU,Korangi South,0805~0935,1235~1405,1535~1705,2135~2305
Riazabad Bus Stop RMU,Baldia,0735~1005,1205~1505,1635~1905,2105~2305
Rice Grinding (Ex-Landhi Telephone Exchange),Landhi,1105~1335,1505~1805,1935~2205,0005~0205
Rig,Federal B,0935~1205,1335~1635,1805~2035,2235~0035
Risala Police,Old Town,0935~1205,1335~1635,1805~2035,2205~0005
River Pmt,Memon Goth,0835~1105,1235~1535,1705~1935,2205~0005
Rk Studio,Orangi Town,0705~0935,1205~1505,1635~1905,2035~2235
Road 2 RMU,KEPZ,0935~1205,1335~1635,1805~2035,2235~0035
Roshanabad,Airport,0835~1105,1235~1535,1705~1935,2135~2335
Roti Plant,Korangi East,1035~1205,1335~1505,1735~1905,0005~0135
Royal City,Surjani Town,1035~1305,1505~1805,1935~2205,0005~0205
Rukunuddin,Civic Center,0905~1135,1335~1635,1805~2035,2205~0005
Rupali RMU,KDA,0835~1105,1235~1535,1705~1935,2205~0005
Sabri Chowk,Orangi Town,0935~1205,1335~1635,1805~2035,2205~0005
Sachal Sarmast (Ex. Afghan Basti),KDA,1105~1335,1505~1805,1935~2205,0005~0205
Sadat Colony,Airport,0835~1105,1235~1535,1705~1935,2135~2335
Sadi Town,KDA,1035~1205,1335~1505,1735~1905,0005~0135
Sadiq Nagar,Azizabad,1105~1235,1505~1635,1805~1935,0035~0205
Sadullah Goth,Baldia,1005~1235,1405~1705,1905~2135,2335~0135
Saeedabad,Baldia,1105~1235,1505~1635,1805~1935,0035~0205
Sahafi Colony,KDA,0835~1105,1235~1535,1705~1935,2205~0005
Saiban,Surjani Town,0735~1005,1205~1505,1635~1905,2035~2235
Saifal Goth,Gulshan-E-Maymar,1105~1335,1505~1805,1935~2205,0005~0205
Saima Green Valley,Memon Goth,0805~0935,1235~1405,1535~1705,2135~2305
Saima Villas,KDA,1105~1235,1505~1635,1805~1935,0035~0205
Sakran (Ex-Mengalabad RMU),Hub Chowki,0705~0935,1135~1435,1635~1905,2035~2235
Saleem Terrace,Garden East,0905~1135,1335~1635,1805~2035,2205~0005
Saleem Zaki (Ex-Saima Villas 2),KDA,1105~1235,1505~1635,1805~1935,0035~0205
Sallu Garden,Surjani Town,0705~0935,1205~1505,1635~1905,2035~2235
Salman Garden,Airport 2,0805~0935,1235~1405,1535~1705,2135~2305
Salman Height,Liaquatabad,1105~1335,1505~1805,1935~2205,0005~0205
Sangam Cinema,Airport,0805~0935,1235~1405,1535~1705,2135~2305
Sanitary Shop (Ex-Agha Khan 1 Ss),Jail Road,1105~1335,1505~1805,1935~2205,0005~0205
Sarafa Bazar Ss,Azizabad,0705~0835,1205~1335,1535~1705,2135~2305
Saudabad Pumping,Civil Aviation,0835~1105,1235~1535,1705~1935,2135~2335
Sea Mill,West Wharf,1005~1235,1405~1705,1905~2135,2335~0135
Sector 10 RMU,Korangi East,1105~1335,1505~1805,1935~2205,0005~0205
Sector 5-E,North Karachi,0905~1135,1335~1635,1805~2035,2205~0005
Sector 6B RMU (Ex- 6B Mehran Town),Qayyumabad,0935~1205,1335~1635,1805~2035,2205~0005
Sector-21,Baldia,1005~1235,1435~1735,1905~2135,2305~0105
Sehar Palace,Shadman,0705~0835,1205~1335,1535~1705,2135~2305
Shah Faisal Chowk,Orangi Town,1105~1235,1505~1635,1805~1935,0035~0205
Shah Khalid Colony (Roshan Bagh),Federal B,0705~0935,1205~1505,1635~1905,2035~2235
Shah Latif Town,KEPZ,1035~1205,1335~1505,1735~1905,0005~0135
Shah Stadium (Ex-Deh Taiser Sub Station 5),Surjani Town,0935~1205,1405~1705,1835~2105,2305~0105
Shah Waliullah,Lyari,1005~1235,1435~1735,1905~2135,2305~0105
Shaheed Chowk,Malir,0835~1105,1235~1535,1705~1935,2135~2335
Shah-E-Karbala,Old Golimar,0735~0935,1105~1335,1505~1805,1935~2205
Shamsuddin,Orangi Town,0705~0935,1205~1505,1635~1905,2035~2235
Shanti Nagar,Gulshan,1105~1235,1505~1635,1805~1935,0035~0205
Sheeren Jinnah,Clifton,0735~1005,1205~1505,1635~1905,2105~2305
Sher Pao RMU,Landhi,0735~0935,1105~1335,1505~1805,2035~2305
Sherton Square [ Ex- Jublee Gate],Gulistan E Johar,0805~0935,1235~1405,1535~1705,2135~2305
Shipowner College,North Nazimabad,1035~1305,1505~1805,1935~2205,0005~0205
Shumail Complex,Federal A,0735~1005,1205~1505,1635~1905,2035~2235
Siddiq-E-Akber,Landhi,0735~0935,1105~1335,1535~1835,2035~2305
Siddiqia Masjid RMU,Airport,0805~0935,1235~1405,1535~1705,2135~2305
Siddiqui Goth,Surjani Town,0935~1205,1405~1705,1835~2105,2305~0105
Sidra City (Ex-Pso Mardaan),R E C P,0835~1105,1235~1535,1705~1935,2205~0005
Sikanderabad 2 RMU,Clifton,0735~1005,1205~1505,1635~1905,2105~2305
Silver Town,P R L,0835~1105,1235~1535,1705~1935,2135~2335
Sindh Al-Kalies,KEPZ,0735~0935,1105~1335,1535~1835,2035~2305
Sindh Constabulary,Baldia,1005~1235,1435~1735,1905~2135,2305~0105
Sindh Town (Ex- Sindhi Hotel),Shadman,0935~1205,1335~1635,1805~2035,2235~0035
Sir Syed Chs (Aligarh 2),Gulshan-E-Maymar,0805~0935,1235~1405,1535~1705,2135~2305
Sitara Bakery RMU,Mehmoodabad,0705~0835,1205~1335,1535~1705,2135~2305
Slaughter House,West Wharf,1005~1235,1435~1735,1905~2135,2305~0105
Sm Rasheed,Orangi Town,1005~1235,1405~1705,1905~2135,2335~0135
Social Security,Landhi,0735~0935,1105~1335,1535~1835,2035~2305
Society Cinema,Jail Road,0935~1205,1405~1705,1835~2105,2335~0135
Sohail Shamsi,Korangi South,0735~0935,1105~1335,1505~1805,2035~2305
Special Education,Orangi Town,0705~0935,1205~1505,1635~1905,2035~2235
Stylish Garden,Surjani Town,0935~1205,1335~1635,1805~2035,2235~0035
Sufi Hotle,Mauripur,0705~0835,1135~1305,1535~1705,1905~2035
Suleman Arcade,Jacobline,1105~1235,1505~1635,1805~1935,0035~0205
Sultan Plaza,Surjani Town,0705~0835,1205~1335,1535~1705,2135~2305
Sultanabad Pumping,Valika,0735~1005,1205~1505,1635~1905,2105~2305
Sunlay Devlopers,KDA,0805~0935,1235~1405,1535~1705,2135~2305
Suparco Road Pole-1,Baldia,1005~1235,1435~1735,1905~2135,2305~0105
Super High Way Pumping,KDA,0835~1105,1235~1535,1705~1935,2205~0005
Super Market,Liaquatabad,0905~1135,1335~1635,1805~2035,2205~0005
Surjani Telephone Exchange,Surjani Town,0705~0835,1135~1305,1535~1705,1905~2035
Sweeper Quarter,Jacobline,0735~1005,1205~1505,1635~1905,2035~2235
T&T Pipri,Port Qasim,0805~0935,1235~1405,1535~1705,2135~2305
Tai Jeen,Mauripur,0705~0835,1135~1305,1535~1705,1905~2035
Talha Qazi,Valika,0705~0935,1135~1435,1635~1905,2035~2235
Talib Colony RMU,Jail Road,0905~1135,1335~1635,1805~2035,2205~0005
Tanga Stand,Airport,0805~0935,1235~1405,1535~1705,2135~2305
Tasveer Mehal,Korangi South,0805~0935,1235~1405,1535~1705,2135~2305
Taya Hotel (Ex-Liaqatabad 1 ),Liaquatabad,0705~0835,1205~1335,1535~1705,2135~2305
Technical College,Orangi Town,0705~0905,1105~1335,1505~1805,1935~2205
Telenor Pmt,Azizabad,0705~0835,1205~1335,1535~1705,2135~2305
Tibet Center,Elender Rd,1105~1235,1505~1635,1805~1935,0035~0205
Timber Market,Liaquatabad,0905~1135,1335~1635,1805~2035,2205~0005
Time Press,Civic Center,0935~1205,1405~1705,1835~2105,2305~0105
Tooba Masjid (Ex-Saifullah RMU),Site,1005~1235,1435~1735,1905~2135,2305~0105
Tori Bangush,Baldia,0935~1205,1335~1635,1805~2035,2205~0005
Touheed Colony,Orangi Town,0935~1105,1335~1505,1635~1805,2035~2205
Trust Ceramic,Landhi,0835~1105,1235~1535,1705~1935,2205~0005
Umar Khushk,Airport 2,0735~0935,1105~1335,1535~1835,2035~2305
Urdu Nagar,Malir,0835~1105,1235~1535,1705~1935,2205~0005
Urooj Garments,Gulshan-E-Maymar,0935~1205,1335~1635,1805~2035,2235~0035
Usman Goth (Ex-Kda Filter Plant),R E C P,0935~1205,1335~1635,1805~2035,2235~0035
Usman Terrace,Hospital,1105~1235,1505~1635,1805~1935,0035~0205
Usman-E-Ghani RMU,Baldia,1005~1235,1405~1705,1905~2135,2335~0135
Usmania Colony,Site,0935~1105,1335~1505,1635~1805,2035~2205
Veraval Patan,Malir,0935~1205,1335~1635,1805~2035,2235~0035
Vishan Das,Elender Rd,0935~1205,1405~1705,1835~2105,2335~0135
Vocational Institute,Korangi South,0805~0935,1235~1405,1535~1705,2135~2305
Wapda,Gadap,0835~1105,1235~1535,1705~1935,2205~0005
Waqas Cng,Jail Road,0935~1205,1335~1635,1805~2035,2235~0035
Wasi Country Park,Gulshan-E-Maymar,1035~1205,1335~1505,1735~1905,0005~0135
Water Boosting,Jacobline,0735~1005,1205~1505,1635~1905,2035~2235
White Flower,Shadman,0935~1205,1405~1705,1835~2105,2335~0135
White House,KDA,1105~1235,1505~1635,1805~1935,0035~0205
Yahya Enterprise (Ex-Haji Latif),Mauripur,0705~0935,1135~1435,1635~1905,2035~2235
Yasoob Bus Stop RMU,Baldia,1005~1235,1405~1705,1905~2135,2335~0135
Yousuf Goth,Surjani Town,0735~1005,1205~1505,1635~1905,2035~2235
Ywca,Elender Rd,0935~1205,1405~1705,1835~2105,2305~0105
Zafar Ice,Korangi East,0735~0935,1105~1335,1505~1805,2035~2305
Zahoor Councler,Orangi Town,0735~1005,1205~1505,1635~1905,2105~2305
Zaibunnisa College,North Karachi,0935~1205,1335~1635,1805~2035,2235~0035
Zamanabad RMU,Korangi East,1035~1305,1505~1805,1935~2205,0005~0205
Zareen Colony (Ex-Pak Ind Gases 2),Dhabeji,0835~1105,1235~1535,1705~1935,2205~0005
Zeenat Square,Liaquatabad,0905~1135,1335~1635,1805~2035,2205~0005
Zeeshan Society (Ex-Saima Villas 1),KDA,1105~1235,1505~1635,1805~1935,0035~0205
Zia Colony,Korangi Town,0835~1105,1235~1535,1705~1935,2135~2335
Zia-Ul-Haq Colony,Orangi Town,0935~1205,1335~1635,1805~2035,2205~0005
Zoo S/S,Garden East,0935~1105,1335~1505,1705~1835,2305~0035
Zorastrian,Mehmoodabad,0905~1135,1335~1635,1805~2035,2205~0005
