name,name_original,amenity,shop,tourism,@lat,@lon,final_category
Askari Bank,عسکری بینک,bank,,,24.8499525,67.0096177,Services
Masjid Ahsan Ul Uloom,Masjid Ahsan Ul Uloom,place_of_worship,,,24.9237178,67.0877572,Religious & Community
Total,Total,fuel,,,24.893615,66.975677,Transport & Vehicles
Total,ٹوٹل,fuel,,,24.9041386,66.9631744,Transport & Vehicles
Oven Fresh Bakery,Oven Fresh Bakery,,bakery,,24.9383338,67.0418258,Food & Dining
Masjid e Quba,Masjid e Quba,place_of_worship,,,24.93996,67.0720062,Religious & Community
Masjid O Imambargah Aal-e-Aba,Masjid O Imambargah Aal-e-Aba,place_of_worship,,,24.9372836,67.0688635,Religious & Community
Farooq-e-Azam Masjid,Farooq-e-Azam Masjid,place_of_worship,,,24.9364664,67.070975,Religious & Community
Jama-e-Masjid Gulberg,Jama-e-Masjid Gulberg,place_of_worship,,,24.9420905,67.0661736,Religious & Community
Medina,Medina,place_of_worship,,,24.93196,67.0652157,Religious & Community
Shadab Masjid,Shadab Masjid,place_of_worship,,,24.9339683,67.0615736,Religious & Community
Al-Falah,Al-Falah,place_of_worship,,,24.9298897,67.0729277,Religious & Community
Aqsa,Aqsa,place_of_worship,,,24.9279375,67.0775849,Religious & Community
Al-Akhwan,Al-Akhwan,place_of_worship,,,24.9247526,67.0779918,Religious & Community
Madni,Madni,place_of_worship,,,24.9208797,67.0901765,Religious & Community
Shah Faisal,Shah Faisal,place_of_worship,,,24.9249817,67.0958843,Religious & Community
Memon,Memon,place_of_worship,,,24.8838075,67.0594417,Religious & Community
Alvi Dental Hospital,Alvi Dental Hospital,hospital,,,24.8563966,67.0544131,Healthcare
Bilal Masjid,مسجد بلال,place_of_worship,,,24.8762259,67.0871296,Religious & Community
Masjid Makkah,مسجد مکہ,place_of_worship,,,24.8751763,67.0854461,Religious & Community
Links Primary School,Links Primary School,school,,,24.8088198,67.0306753,Education
Links Pre School,Links Pre School,school,,,24.8079442,67.0288964,Education
Links Secondary School- Clifton 4,Links Secondary School- Clifton 4,school,,,24.8049404,67.0296412,Education
Al Hamra Masjid,Al Hamra Masjid,place_of_worship,,,24.8731903,67.080227,Religious & Community
Gizri Police Station,Gizri Police Station,police,,,24.8275591,67.0594362,Services
Shell Bahria,Shell Bahria,fuel,,,24.8176839,67.0654722,Transport & Vehicles
Park Towers Supermarket,Park Towers Supermarket,,supermarket,,24.8144196,67.0269686,Shopping & Retail
Jumbo Super Store,Jumbo Super Store,,convenience,,24.8746536,67.0887461,Shopping & Retail
Tania Clinic,Tania Clinic,clinic,,,24.8947671,67.0570175,Healthcare
Masjid Umar Farooq,Masjid Umar Farooq,place_of_worship,,,24.8099273,67.069189,Religious & Community
Hot 'n' Spicy,Hot 'n' Spicy,fast_food,,,24.8095767,67.0694223,Food & Dining
Espresso Cafe,Espresso Cafe,cafe,,,24.8081254,67.0614712,Food & Dining
Total,ٹوٹل,fuel,,,24.8410899,67.060603,Transport & Vehicles
Dunkin Donuts,ڈنکن ڈونٹس,fast_food,,,24.8831011,67.0902983,Food & Dining
Awami Markaz,Awami Markaz,parking,,,24.8708003,67.0914152,Transport & Vehicles
Chillis Fast Food,Chillis Fast Food,fast_food,,,24.8746202,67.0880587,Food & Dining
Kaybees Fast Food,Kaybees Fast Food,fast_food,,,24.8753422,67.0878142,Food & Dining
Ideal Bakers,Ideal Bakers,,bakery,,24.8671234,67.075395,Food & Dining
Fun City - Hill Park,Fun City - Hill Park,,,attraction,24.8712798,67.0710927,Entertainment & Leisure
Shell,شیل,fuel,,,24.865712,67.0778031,Transport & Vehicles
Dubai Islamic Bank,دبئی اسلامی بینک,bank,,,24.8796563,67.0654992,Services
Meezan Bank Ltd,Meezan Bank Ltd,bank,,,24.8798826,67.0652313,Services
Rangoonwala Hall,Rangoonwala Hall,,,attraction,24.8854042,67.074655,Entertainment & Leisure
Pakistan State Oil,پاکستان اسٹیٹ آئل,fuel,,,24.8765375,67.0844129,Transport & Vehicles
Shell Askari 4,شیل عسکری 4,fuel,,,24.9006974,67.1166364,Transport & Vehicles
Meezan Bank Limited (Shahrah-e-Faisal 0111),Meezan Bank Limited (Shahrah-e-Faisal 0111),bank,,,24.8640287,67.0758432,Services
Tabani School of Accountancy,Tabani School of Accountancy,school,,,24.8632665,67.0586436,Education
Avari Beach Luxury Hotel,Avari Beach Luxury Hotel,,,hotel,24.8438592,66.9956082,Accommodation
CNG filling station,CNG filling station,fuel,,,24.9233647,67.0898984,Transport & Vehicles
RAB Medical Centre,RAB Medical Centre,hospital,,,24.9223154,67.0885875,Healthcare
Samdani Hospital,Samdani Hospital,hospital,,,24.9215799,67.0882897,Healthcare
Masjid Ali Murtaza,Masjid Ali Murtaza,place_of_worship,,,24.8838908,66.9515963,Religious & Community
Masjid Hassan,Masjid Hassan,place_of_worship,,,24.8866452,66.9541068,Religious & Community
PAFWA Montessori,PAFWA Montessori,kindergarten,,,24.8883581,66.9541723,Education
College of Aviation Safety Management - CASM,College of Aviation Safety Management - CASM,school,,,24.8885533,66.952873,Education
Motor Bike Repair,Motor Bike Repair,,motorcycle,,24.8849001,66.9514257,Transport & Vehicles
Electronic Repair Shop,Electronic Repair Shop,,doityourself,,24.8864895,66.9544319,Other / Unspecified
Cycle Repair,Cycle Repair,,bicycle,,24.8865212,66.9543728,Transport & Vehicles
Medical Institute,Medical Institute,hospital,,,24.8881829,66.9529916,Healthcare
Veg n Fruit Shop,Veg n Fruit Shop,,greengrocer,,24.8864505,66.9542147,Food & Dining
Photo Shop,Photo Shop,,,artwork,24.8864311,66.9543301,Tourism & Landmarks
General Store,General Store,,convenience,,24.8865187,66.9544936,Shopping & Retail
PAF Cinema,PAF Cinema,cinema,,,24.8878039,66.9548042,Entertainment & Leisure
General Store,General Store,,convenience,,24.8876773,66.9548042,Shopping & Retail
Sweet Shop,Sweet Shop,,confectionery,,24.8830699,66.9502246,Other / Unspecified
HBL Pakistan,ایچ بی ایل پاکستان,bank,,,24.8832645,66.9501307,Services
Repair Shop,Repair Shop,,doityourself,,24.8850267,66.9513398,Other / Unspecified
CSD Store,CSD Store,,supermarket,,24.883447,66.9500314,Shopping & Retail
Medical Store,Medical Store,pharmacy,,,24.8829872,66.9501924,Healthcare
Barber Shop,Barber Shop,,hairdresser,,24.8848125,66.95149,Services
Tyre Shop,Tyre Shop,,car_repair,,24.8849683,66.951372,Transport & Vehicles
General Store,General Store,,convenience,,24.8860578,66.9552993,Shopping & Retail
Nan Shop,Nan Shop,restaurant,,,24.8860968,66.9552671,Food & Dining
Fruit n Veg Shop,Fruit n Veg Shop,,greengrocer,,24.8831477,66.9502138,Food & Dining
Bakery,Bakery,,bakery,,24.8832086,66.9501817,Food & Dining
Gift Shop,Gift Shop,,gift,,24.8829288,66.9501226,Other / Unspecified
National Bank,National Bank,bank,,,24.8827779,66.950187,Services
SIF Market No 2,SIF Market No 2,marketplace,,,24.8847634,66.9560396,Shopping & Retail
Meet Shop,Meet Shop,,butcher,,24.8849094,66.9559216,Food & Dining
Computer Acc Shop,Computer Acc Shop,,hifi,,24.8848242,66.9562273,Other / Unspecified
Fruit n Veg Shop,Fruit n Veg Shop,,greengrocer,,24.8849483,66.9560262,Food & Dining
Milk Shop,Milk Shop,pub,,,24.8847829,66.9562515,Entertainment & Leisure
CD Computer Acc Shop,CD Computer Acc Shop,,hifi,,24.884885,66.9561844,Other / Unspecified
General Store,General Store,,convenience,,24.8846855,66.956222,Shopping & Retail
Cafe n Nan Shop,Cafe n Nan Shop,restaurant,,,24.8847074,66.9562676,Food & Dining
Shoe Repair,Shoe Repair,,florist,,24.8847462,66.9562731,Other / Unspecified
General Store,General Store,,convenience,,24.884649,66.956171,Shopping & Retail
Stitch Shop,Stitch Shop,,clothes,,24.8849167,66.9561764,Shopping & Retail
Gift Shop,Gift Shop,,gift,,24.8849556,66.9561549,Other / Unspecified
Cycle Repair Shop,Cycle Repair Shop,,bicycle,,24.8849897,66.9560905,Transport & Vehicles
General Store,General Store,,convenience,,24.8849313,66.9559698,Shopping & Retail
National Bank,National Bank,bank,,,24.8541963,67.0241398,Services
Mottas,Mottas,,supermarket,,24.8269207,67.03357,Shopping & Retail
Jeddah Foods,Jeddah Foods,fast_food,,,24.8271318,67.0335766,Food & Dining
Tipu Burger,Tipu Burger,fast_food,,,24.827242,67.0332106,Food & Dining
Pakistan State Oil,پاکستان اسٹیٹ آئل,fuel,,,24.8888641,66.9828594,Transport & Vehicles
Seafront BBQ,Seafront BBQ,restaurant,,,24.8424475,66.9953222,Food & Dining
Habib Public School,Habib Public School,school,,,24.8414609,67.0201145,Education
Carefour Super Market,Carefour Super Market,,supermarket,,24.8019067,67.03066,Shopping & Retail
Eastern Autos,Eastern Autos,,car,,24.9125789,67.126503,Transport & Vehicles
Al Jeddah Medical Store,Al Jeddah Medical Store,pharmacy,,,24.9156407,66.9657386,Healthcare
Cafe Karachi,Cafe Karachi,cafe,,,24.8744292,67.0301985,Food & Dining
Emerald Mall & Tower,Emerald Mall & Tower,,mall,,24.8217046,67.0340335,Shopping & Retail
The Executive Lawn,The Executive Lawn,community_centre,,,24.9119263,67.1106531,Religious & Community
HBL Pakistan,ایچ بی ایل پاکستان,bank,,,24.9455671,67.0771094,Services
Agha Khan Hospital for Women,Agha Khan Hospital for Women,hospital,,,24.9265842,67.0646827,Healthcare
Ziauddin Hospital North Nazimabad,Ziauddin Hospital North Nazimabad,hospital,,,24.9239276,67.0447127,Healthcare
Pakistan State Oil,پاکستان اسٹیٹ آئل,fuel,,,24.8316244,67.0785166,Transport & Vehicles
Gizri Graveyard,گزری قبرستان,grave_yard,,,24.8179854,67.0563529,Other / Unspecified
Sadequain Grammer School,Sadequain Grammer School,school,,,24.9277784,67.1314781,Education
Kaiser Restaurant,Kaiser Restaurant,restaurant,,,24.8554939,67.0095,Food & Dining
Dunkin Donuts,ڈنکن ڈونٹس,fast_food,,,24.8655472,67.0775606,Food & Dining
Pakistan Shipowner's Government College,Pakistan Shipowner's Government College,college,,,24.9488618,67.0409069,Education
Urdu Bazaar,Urdu Bazaar,marketplace,,,24.8589014,67.0171826,Shopping & Retail
Saad Car Airconditioning,Saad Car Airconditioning,,car_repair,,24.8627709,67.0584435,Transport & Vehicles
Qudsiya Mosque,Qudsiya Mosque,place_of_worship,,,24.9129005,67.0422088,Religious & Community
Hascol Petrol Station,Hascol Petrol Station,fuel,,,24.929999,67.13988,Transport & Vehicles
Pearl Continental Hotel,Pearl Continental Hotel,,,hotel,24.8476272,67.0259569,Accommodation
Zam Zam Publisher,Zam Zam Publisher,,books,,24.8592494,67.0190238,Shopping & Retail
Meezan Bank Limited,Meezan Bank Limited,atm,,,24.906664,66.9973634,Services
United Bank Limited,یونائیٹڈ بینک لمیٹڈ,bank,,,24.8764826,67.1008233,Services
Meezan Bank Limited SITE Branch,Meezan Bank Limited SITE Branch,bank,,,24.9102459,67.0109264,Services
The Bank of Khyber SITE Branch,The Bank of Khyber SITE Branch,bank,,,24.911412,67.0126172,Services
Chase Up,Chase Up,,supermarket,,24.9170417,67.0965584,Shopping & Retail
Askari Commercial Bank,Askari Commercial Bank,bank,,,24.8849116,67.0694349,Services
Soneri Bank,سونیری بینک,atm,,,24.8383157,67.0491089,Services
Karachi Memon Community Centre,Karachi Memon Community Centre,community_centre,,,24.8694535,67.0745141,Religious & Community
Standard Chartered,اسٹینڈرڈ چارٹرڈ,bank,,,24.8270175,67.0288592,Services
Keamari Head Post Office,کیماڑی ہیڈ پوسٹ آفس,post_office,,,24.8241811,66.9785198,Services
Mustafa,Mustafa,place_of_worship,,,24.947291,67.0263132,Religious & Community
Police Station Clifton,Police Station Clifton,police,,,24.8136295,67.0290316,Services
Noor,Noor,place_of_worship,,,24.9303104,67.0444489,Religious & Community
Jama Cloth Market,Jama Cloth Market,marketplace,,,24.8584177,67.0140248,Shopping & Retail
Chase Value Cenre,Chase Value Cenre,,supermarket,,24.9417082,67.0485755,Shopping & Retail
Masjid Siddiq e Akbar,Masjid Siddiq e Akbar,place_of_worship,,,24.9488832,67.0415095,Religious & Community
Jama Masjid Shafi,Jama Masjid Shafi,place_of_worship,,,24.9465858,67.0401301,Religious & Community
HBL Pakistan,ایچ بی ایل پاکستان,bank,,,24.8543642,67.028436,Services
Khairabad Tea Shop - Irani Cafe,Khairabad Tea Shop - Irani Cafe,cafe,,,24.8507088,67.0185501,Food & Dining
Total,ٹوٹل,fuel,,,24.8530825,67.022541,Transport & Vehicles
Mehdi Lawn,Mehdi Lawn,community_centre,,,24.9499517,67.0534289,Religious & Community
Saima Pari Mall,Saima Pari Mall,,mall,,24.9386061,67.0444542,Shopping & Retail
Pakistan Post,Pakistan Post,post_office,,,24.9354814,67.0419741,Services
Usman Ghani Masjid,مسجد عثمان غنی,place_of_worship,,,24.914814,67.1248935,Religious & Community
786 Medical Store,786 Medical Store,pharmacy,,,24.9132759,67.1241947,Healthcare
Asalam Store,Asalam Store,,yes,,24.9134732,67.1240247,Other / Unspecified
Shanzay Travels,Shanzay Travels,,travel_agency,,24.9127201,67.1257132,Services
MCB Bank,ایم سی بی بینک,bank,,,24.9117043,67.1246341,Services
Meezan Bank,میزان بینک,bank,,,24.9141559,67.1273435,Services
Rizwan,Rizwan,place_of_worship,,,24.9326513,67.078983,Religious & Community
Masjid Owais Qarni,Masjid Owais Qarni,place_of_worship,,,24.9100622,67.1094569,Religious & Community
United King Bakery,United King Bakery,,bakery,,24.9079946,67.1100721,Food & Dining
Hot N Spicy Potatoes & hot N Sweet Corn,Hot N Spicy Potatoes & hot N Sweet Corn,restaurant,,,24.8842184,67.0571409,Food & Dining
Pakistan Pakwan House,Pakistan Pakwan House,restaurant,,,24.9330613,67.0524883,Food & Dining
Blue Mount CNG,Blue Mount CNG,fuel,,,24.9382687,67.1494914,Transport & Vehicles
Total,ٹوٹل,fuel,,,24.9377221,67.1461603,Transport & Vehicles
Roshni Sweets/Bakers,Roshni Sweets/Bakers,,bakery,,24.9382223,67.1491081,Food & Dining
Food Finder,Food Finder,fast_food,,,24.9381347,67.1485966,Food & Dining
Dr Essa Clinical Laboratory,Dr Essa Clinical Laboratory,hospital,,,24.9381578,67.1487787,Healthcare
Bank Alfalah,بینک الفلاح,atm,,,24.9377289,67.1499709,Services
Bank Dubai Islamic,Bank Dubai Islamic,atm,,,24.9376442,67.1494054,Services
JS Bank,جے ایس بینک,atm,,,24.9373337,67.1469936,Services
Ufone Franchise,Ufone Franchise,,mobile_phone,,24.9373666,67.1473477,Shopping & Retail
Al Sheikh Hotel,Al Sheikh Hotel,restaurant,,,24.9380427,67.1481362,Food & Dining
Al Rehman Hospital,Al Rehman Hospital,hospital,,,24.9388891,67.1493164,Healthcare
Jamia Hamdia Rizvia,Jamia Hamdia Rizvia,place_of_worship,,,24.9495128,67.1317088,Religious & Community
Pakistan State Oil,پاکستان اسٹیٹ آئل,fuel,,,24.9339483,67.1289529,Transport & Vehicles
HBL Pakistan,ایچ بی ایل پاکستان,atm,,,24.9341557,67.1289546,Services
Zam Zam Super Store,Zam Zam Super Store,,supermarket,,24.9349934,67.1352614,Shopping & Retail
Habib Metropolitan Bank,Habib Metropolitan Bank,atm,,,24.934919,67.1349459,Services
Soneri Bank Ltd,Soneri Bank Ltd,atm,,,24.9361849,67.1385442,Services
Police Station (Gulistan e Jauhar),Police Station (Gulistan e Jauhar),police,,,24.923289,67.1474984,Services
Samama Shoping Mall,Samama Shoping Mall,,mall,,24.9281526,67.1117903,Shopping & Retail
City Vision,City Vision,,mall,,24.9291014,67.1140165,Shopping & Retail
Khaas Meat - Mosamiat,Khaas Meat - Mosamiat,,butcher,,24.9360112,67.1376597,Food & Dining
boys hostel NED,boys hostel NED,,,hotel,24.9315402,67.1131181,Accommodation
Continental Bakery,Continental Bakery,,bakery,,24.9206491,67.0865218,Food & Dining
Mochi Mor,Mochi Mor,,,viewpoint,24.9205207,67.0865314,Tourism & Landmarks
Hussaini Govt Boys Secondary school,Hussaini Govt Boys Secondary school,school,,,24.9121579,67.0292216,Education
pemra,pemra,,,artwork,24.8274375,67.0272134,Tourism & Landmarks
Shining Star School,Shining Star School,school,,,24.9379048,67.0575017,Education
Kiran Achedemy,Kiran Achedemy,school,,,24.9378422,67.0579773,Education
Taimuria Police Station,Taimuria Police Station,police,,,24.9378311,67.0563836,Services
Hyderi Market Police Station,Hyderi Market Police Station,police,,,24.9376468,67.0562252,Services
Shahnawaz Workshop,Shahnawaz Workshop,,car_repair,,24.9376556,67.056984,Transport & Vehicles
Sialkot Lassi,Sialkot Lassi,,beverages,,24.8806423,67.0703088,Food & Dining
The Barber Shop,The Barber Shop,,chemist,,24.8796911,67.0871372,Healthcare
Saint Patricks High School,Saint Patricks High School,school,,,24.8626109,67.0344266,Education
Sattar Bukhsh,Sattar Bukhsh,cafe,,,24.8095658,67.0316976,Food & Dining
Peshawari Chapli Kabab,Peshawari Chapli Kabab,restaurant,,,24.8853352,67.1401332,Food & Dining
Chase,Chase,,supermarket,,24.877619,67.0687601,Shopping & Retail
Meezan bank,Meezan bank,bank,,,24.7813424,67.0571428,Services
Gole Market Jama,Gole Market Jama,place_of_worship,,,24.9143911,67.0235315,Religious & Community
Jinnah Sindh Medical University,Jinnah Sindh Medical University,university,,,24.8509513,67.0454223,Education
Oommen rose garden,Oommen rose garden,,,hostel,24.8743876,67.0463015,Accommodation
Aliabad Jamatkhana,Aliabad Jamatkhana,community_centre,,,24.9210522,67.0641943,Religious & Community
Qabail Masjid/ Qabail Colony,Qabail Masjid/ Qabail Colony,community_centre,,,24.9383308,67.06097,Religious & Community
Al Rayyan Hotel,Al Rayyan Hotel,,,hotel,24.8586305,67.02409,Accommodation
High-Q Pharmacy,High-Q Pharmacy,pharmacy,,,24.877175,67.0944634,Healthcare
Nanak Wada,Nanak Wada,,supermarket,,24.8574901,67.0062963,Shopping & Retail
Usama Chicken,Usama Chicken,hunting_stand,,,24.9110767,67.124399,Other / Unspecified
I4U,I4U,,electronics,,24.9184005,67.0908533,Shopping & Retail
Jamia Masjid Madina,Jamia Masjid Madina,place_of_worship,,,24.9473206,67.04809,Religious & Community
Pakistan State Oil,پاکستان اسٹیٹ آئل,fuel,,,24.9476186,67.0511781,Transport & Vehicles
Zia uddin Hospital (OPD),Zia uddin Hospital (OPD),hospital,,,24.9243463,67.0469145,Healthcare
Azeem Public School,Azeem Public School,school,,,24.9307368,67.0378233,Education
SSUET Parking,SSUET Parking,parking_space,,,24.9163492,67.0935375,Other / Unspecified
Soomra PaTex,Soomra PaTex,,furniture,,24.8669417,67.0107579,Shopping & Retail
Taj Banquet,Taj Banquet,community_centre,,,24.9285722,67.034397,Religious & Community
Babar CNG,Babar CNG,fuel,,,24.9417365,67.0350556,Transport & Vehicles
Police Station Shahrah e Noor Jahan,Police Station Shahrah e Noor Jahan,police,,,24.9424363,67.0351801,Services
Samba bank- Tauheed Commercial,Samba bank- Tauheed Commercial,bank,,,24.8069721,67.0384182,Services
Nimco,Nimco,,bakery,,24.8271275,67.0361002,Food & Dining
MCB bank,MCB bank,bank,,,24.8494436,66.9883547,Services
Bank al Habib,Bank al Habib,bank,,,24.7927141,67.0680187,Services
Shell,شیل,fuel,,,24.8295907,67.052452,Transport & Vehicles
United Bank Limited,یونائیٹڈ بینک لمیٹڈ,bank,,,24.8162153,67.0211255,Services
Red Riding Hood Bakery Badar,Red Riding Hood Bakery Badar,,bakery,,24.8008009,67.0460887,Food & Dining
Subway,سب وے,fast_food,,,24.7961255,67.045213,Food & Dining
Kentucky Fried Chicken,کینٹکی فرائیڈ چکن,fast_food,,,24.7998917,67.0472312,Food & Dining
MCB Bank,ایم سی بی بینک,bank,,,24.8005521,67.0464085,Services
Chase up,Chase up,,convenience,,24.8050945,67.0265294,Shopping & Retail
Daily dubai resturant,Daily dubai resturant,restaurant,,,24.7971902,67.0443407,Food & Dining
Pizza Hut,پیزا ہٹ,fast_food,,,24.7963713,67.0448818,Food & Dining
Summit bank,Summit bank,bank,,,24.7980067,67.0453316,Services
Bank Al Habib,بينک الحبيب,bank,,,24.8005958,67.0463398,Services
Samba bank,Samba bank,bank,,,24.7968232,67.0510806,Services
Standard Chartered,اسٹینڈرڈ چارٹرڈ,bank,,,24.8071094,67.0381844,Services
Askari bank,Askari bank,bank,,,24.8494073,66.987562,Services
DHA Masjid,ڈی ایچ اے مسجد,place_of_worship,,,24.7857286,67.0667689,Religious & Community
BankIslami,بینک اسلامی,bank,,,24.8494305,66.9881192,Services
Meezan bank,Meezan bank,bank,,,24.7863348,67.0575124,Services
Marvi sweets and bakers,Marvi sweets and bakers,,bakery,,24.7966466,67.0451444,Food & Dining
Dhaba,ڈھابہ,cafe,,,24.7802032,67.0550618,Food & Dining
Port Grand,Port Grand,,,attraction,24.8444411,66.9921908,Entertainment & Leisure
Taj Medical Center,Taj Medical Center,hospital,,,24.9252601,67.0914869,Healthcare
Golimar Market,Golimar Market,,hardware,,24.9011071,67.0304545,Shopping & Retail
China Castle - Bahadurabad,China Castle - Bahadurabad,restaurant,,,24.8837861,67.064997,Food & Dining
Bank AL Habib,Bank AL Habib,atm,,,24.9425924,67.0715406,Services
shayan e sheereen,shayan e sheereen,,bakery,,24.9221589,67.1032411,Food & Dining
Afghan Bukhari Restaurant,افغان بخاری ریستوران,restaurant,,,24.8231505,66.9787094,Food & Dining
used garments,used garments,,clothes,,24.8566523,67.008381,Shopping & Retail
United Bank Limited,یونائیٹڈ بینک لمیٹڈ,bank,,,24.8229961,66.9785697,Services
Askari bank,Askari bank,bank,,,24.8508495,67.017451,Services
Habib Metro Islamic Bank- I.I.Chundrigar,Habib Metro Islamic Bank- I.I.Chundrigar,bank,,,24.8506337,67.017628,Services
Allied bank,Allied bank,bank,,,24.8507727,67.0167898,Services
United Bank Limited,یونائیٹڈ بینک لمیٹڈ,bank,,,24.8495506,66.9897404,Services
Bank Alfalah,بینک الفلاح,bank,,,24.8576313,67.0275976,Services
UBL - Clifton 4,UBL - Clifton 4,bank,,,24.8026937,67.0309886,Services
Muslim Commercial Bank,Muslim Commercial Bank,bank,,,24.8577419,67.0275222,Services
shakoor & co,shakoor & co,,outdoor,,24.9032641,66.9768186,Other / Unspecified
MCB Bank,ایم سی بی بینک,bank,,,24.8604758,67.0276455,Services
Shell Petrol Pump & Service Station,Shell Petrol Pump & Service Station,fuel,,,24.8484866,67.0220011,Transport & Vehicles
Silkbank,Silkbank,bank,,,24.8634211,67.0247774,Services
Bank al habib,Bank al habib,bank,,,24.8603289,67.0274632,Services
Pakistan Post,Pakistan Post,post_office,,,24.8598823,67.0265322,Services
Askari Bank,عسکری بینک,bank,,,24.8634136,67.0245601,Services
Meezan Bank,میزان بینک,bank,,,24.8582455,67.0296248,Services
Shell,شیل,fuel,,,24.8455567,66.9967964,Transport & Vehicles
Total,ٹوٹل,fuel,,,24.8415811,67.1332299,Transport & Vehicles
Shaukat Khanum Memorial Cancer Hospital-Phase 7,Shaukat Khanum Memorial Cancer Hospital-Phase 7,hospital,,,24.8253838,67.0771614,Healthcare
Services Mess Navy,Services Mess Navy,,,guest_house,24.851222,67.0305037,Accommodation
Gandhara Nissan,Gandhara Nissan,,car,,24.8145231,67.0292224,Transport & Vehicles
Madina Masjid,Madina Masjid,community_centre,,,24.8851936,67.0832984,Religious & Community
Adbul Kids University,Adbul Kids University,university,,,24.8795828,67.1466366,Education
Karachi Kids University,Karachi Kids University,university,,,24.8793111,67.1417513,Education
Usman Grammar School,Usman Grammar School,school,,,24.8767705,67.1381434,Education
Sir Syed School,Sir Syed School,school,,,24.8849292,67.1321762,Education
Iqra Computer Training Trust,Iqra Computer Training Trust,university,,,24.8825088,67.1407445,Education
Food Finder,Food Finder,fast_food,,,24.9381026,67.1484225,Food & Dining
National Food,National Food,fast_food,,,24.910717,66.9755315,Food & Dining
Diamond Jewellers.,Diamond Jewellers.,,jewelry,,24.8275971,67.0380676,Shopping & Retail
Diamond Jewellers.,Diamond Jewellers.,,jewelry,,24.8564425,67.0281052,Shopping & Retail
Kababjees,Kababjees,restaurant,,,24.883502,67.060199,Food & Dining
Akhtar Eye Hospital,Akhtar Eye Hospital,hospital,,,24.9225212,67.0922155,Healthcare
Programmers Girls School,Programmers Girls School,school,,,24.9212275,67.0927407,Education
Baji Jan Pakwan,Baji Jan Pakwan,restaurant,,,24.9219465,67.0924821,Food & Dining
Hayaat ul Islam,Hayaat ul Islam,place_of_worship,,,24.9183082,67.094928,Religious & Community
Sadiqain Hall,Sadiqain Hall,community_centre,,,24.9180122,67.096202,Religious & Community
Mami Home,مامی ہوم,,,guest_house,24.8945614,67.0164599,Accommodation
Masjid Akhiyar,Masjid Akhiyar,place_of_worship,,,24.9120972,67.0898547,Religious & Community
Medhi Manji Lab,Medhi Manji Lab,pharmacy,,,24.9235867,67.0901395,Healthcare
Al Nisa Flower,Al Nisa Flower,community_centre,,,24.9244067,67.0920769,Religious & Community
Bank Al Habib,بينک الحبيب,bank,,,24.9239767,67.092332,Services
Meezan Bank,میزان بینک,bank,,,24.9238206,67.0924634,Services
National Bank,National Bank,bank,,,24.9236606,67.0926071,Services
Bank Dubai Islami,Bank Dubai Islami,bank,,,24.9232366,67.0928832,Services
Total,ٹوٹل,fuel,,,24.9203678,67.0996706,Transport & Vehicles
Sindh Bank,سندھ بینک,bank,,,24.9234372,67.0919997,Services
Habib Metro Bank,Habib Metro Bank,bank,,,24.9213858,67.0936929,Services
Imam ibn Timia,Imam ibn Timia,place_of_worship,,,24.9208519,67.0994721,Religious & Community
CNG Station,CNG Station,fuel,,,24.9255964,67.0909384,Transport & Vehicles
Aamna,Aamna,place_of_worship,,,24.9174492,67.0906679,Religious & Community
Al Nasar,Al Nasar,,medical_supply,,24.922205,67.0884281,Healthcare
United Bank Limited,یونائیٹڈ بینک لمیٹڈ,bank,,,24.922433,67.0887393,Services
Meezan Bank Gulshan Block-2 Branch,Meezan Bank Gulshan Block-2 Branch,bank,,,24.9226624,67.0890468,Services
MCB Gulshan Chowrangi Branch,MCB Gulshan Chowrangi Branch,bank,,,24.9228216,67.0892741,Services
Ashraf Al Madaris,Ashraf Al Madaris,place_of_worship,,,24.9229969,67.0886187,Religious & Community
KDA Market,KDA Market,,supermarket,,24.9267958,67.0944384,Shopping & Retail
Trinity Girls College,Trinity Girls College,college,,,24.8522297,67.0245585,Education
DGTR,DGTR,,,guest_house,24.846669,66.9923923,Accommodation
PAF Hospital Faisal,PAF Hospital Faisal,clinic,,,24.8901597,67.1159743,Healthcare
Sultan Majid,Sultan Majid,place_of_worship,,,24.9056232,67.1184028,Religious & Community
Orchid Lawn,Orchid Lawn,community_centre,,,24.9191423,67.0723404,Religious & Community
Haroon CNG & Car Workshop,Haroon CNG & Car Workshop,,car_repair,,24.8596962,67.0472425,Transport & Vehicles
bashee hm,bashee hm,,butcher,,24.7973601,67.0587862,Food & Dining
Qadri Pan Shop,Qadri Pan Shop,,pan,,24.8603006,67.0137888,Other / Unspecified
KNS School of Business Studies,KNS School of Business Studies,school,,,24.8810025,67.0647664,Education
Dr. Asad,Dr. Asad,doctors,,,24.8241878,67.0331436,Healthcare
Darussalam Publishers,Darussalam Publishers,,books,,24.8776178,67.0633884,Shopping & Retail
shar shah kabari bazar engine,shar shah kabari bazar engine,,car_parts,,24.8830591,66.9965339,Transport & Vehicles
Attock Petrol Pump,Attock Petrol Pump,fuel,,,24.8870175,67.1439626,Transport & Vehicles
green city hotel,green city hotel,,,hotel,24.8592656,67.0259012,Accommodation
Ghufran Masjid,Ghufran Masjid,place_of_worship,,,24.9341741,67.0813034,Religious & Community
Imroz Press,Imroz Press,community_centre,,,24.8521342,67.0155961,Religious & Community
Tahir Avenue,Tahir Avenue,community_centre,,,24.8520348,67.0156266,Religious & Community
The Smart School,The Smart School,school,,,24.909998,67.115869,Education
"Civil hospital, Karachi","Civil hospital, Karachi",hospital,,,24.8594455,67.0116782,Healthcare
NIBD Hospital,NIBD Hospital,hospital,,,24.8976232,67.0783887,Healthcare
SHAZZ super market,SHAZZ super market,,supermarket,,24.8972931,67.0790983,Shopping & Retail
Impressive computer academy,Impressive computer academy,school,,,24.9333127,67.1326355,Education
ahmed ka rent wala ghar,ahmed ka rent wala ghar,hunting_stand,,,24.9067103,67.0723649,Other / Unspecified
Muneeba View Apartment,Muneeba View Apartment,,,apartment,24.9072024,67.0710915,Accommodation
burns road,burns road,fast_food,,,24.8568754,67.0168321,Food & Dining
Petiwala Tajraan Kutub,Petiwala Tajraan Kutub,,books,,24.854303,67.0133004,Shopping & Retail
Hardware Market,ہارڈ ویئر مارکیٹ,,supermarket,,24.8624693,67.0141657,Shopping & Retail
Imtiaz Supermarket Qayyumabad,Imtiaz Supermarket Qayyumabad,,supermarket,,24.8310814,67.0802962,Shopping & Retail
Dow International Medical College,Dow International Medical College,college,,,24.9445105,67.1387174,Education
Electronic market,Electronic market,,supermarket,,24.8598967,67.0250374,Shopping & Retail
Askari Banquet & Lawns,Askari Banquet & Lawns,community_centre,,,24.8926485,67.0628249,Religious & Community
Techno city,Techno city,,mall,,24.8505797,67.007712,Shopping & Retail
Mak Coaching,Mak Coaching,school,,,24.9353012,67.0541305,Education
CNG Station,CNG Station,fuel,,,24.9356418,67.0543537,Transport & Vehicles
Hashmat Memorial School,Hashmat Memorial School,school,,,24.9366858,67.1037768,Education
Jama Masjid Abu Al-Alai,Jama Masjid Abu Al-Alai,place_of_worship,,,24.9381294,67.1050095,Religious & Community
Al Arabia,Al Arabia,place_of_worship,,,24.940037,67.1023012,Religious & Community
sm public academy,sm public academy,school,,,24.9391749,67.101345,Education
Merit n Merit,Merit n Merit,school,,,24.9380454,67.1022312,Education
Vikor enterprises (pvt) ltd.,Vikor enterprises (pvt) ltd.,,,artwork,24.8873754,66.9716123,Tourism & Landmarks
Tea Spot,Tea Spot,cafe,,,24.949777,67.0503533,Food & Dining
Nani House,Nani House,,,guest_house,24.8347149,67.1486661,Accommodation
Super Fire Works,Super Fire Works,,toys,,24.8676476,67.0297828,Other / Unspecified
Carnation banquet Hall,Carnation banquet Hall,community_centre,,,24.8653983,67.07933,Religious & Community
Sage banquet Hall,Sage banquet Hall,community_centre,,,24.8654997,67.0795962,Religious & Community
Cafe Pyala,Cafe Pyala,pub,,,24.9457368,67.0677358,Entertainment & Leisure
Virtual University Of Pakistan,Virtual University Of Pakistan,school,,,24.9415205,67.0458485,Education
Gohar Pride,Gohar Pride,,,artwork,24.9207484,67.1332806,Tourism & Landmarks
Total,ٹوٹل,fuel,,,24.8786376,67.022407,Transport & Vehicles
Pakistan Post Office,Pakistan Post Office,post_office,,,24.8787848,67.0225934,Services
Platinium Jamat Khana,Platinium Jamat Khana,place_of_worship,,,24.8845256,67.0260792,Religious & Community
Gole Market,Gole Market,,supermarket,,24.9145251,67.0242732,Shopping & Retail
Filli Tea cafe,Filli Tea cafe,cafe,,,24.8112003,67.0173907,Food & Dining
Faysal Bank Clifton Block 2,Faysal Bank Clifton Block 2,bank,,,24.8112773,67.0171841,Services
Habib Metropolitian Bank,Habib Metropolitian Bank,bank,,,24.8112572,67.0172899,Services
Dubai Islamic Bank,دبئی اسلامی بینک,bank,,,24.8105834,67.0180544,Services
Bank Alfalah,بینک الفلاح,bank,,,24.8106299,67.0180759,Services
NIB,NIB,bank,,,24.8108233,67.0181551,Services
China Town Resturant,China Town Resturant,restaurant,,,24.8108892,67.0180925,Food & Dining
Dua Resturant,Dua Resturant,restaurant,,,24.8101359,67.0176332,Food & Dining
Bolan Resturant,Bolan Resturant,restaurant,,,24.8099367,67.0185689,Food & Dining
Jade Garden Resturant,Jade Garden Resturant,restaurant,,,24.8120472,67.016747,Food & Dining
Karachi Broast,Karachi Broast,fast_food,,,24.8118216,67.0172906,Food & Dining
Shell Express,Shell Express,fuel,,,24.8157667,67.0187935,Transport & Vehicles
Koyla Cafe,Koyla Cafe,cafe,,,24.8159652,67.018168,Food & Dining
Anjarwala Bakers,Anjarwala Bakers,,bakery,,24.8146493,67.0209243,Food & Dining
Liberty Book Store,Liberty Book Store,,books,,24.8157006,67.0215569,Shopping & Retail
BMI Physio,BMI Physio,doctors,,,24.8179543,67.0232691,Healthcare
Red Apple,Red Apple,fast_food,,,24.8116171,67.0184787,Food & Dining
MCB Bank,ایم سی بی بینک,bank,,,24.8146725,67.0198198,Services
Park Towers Food Court,Park Towers Food Court,food_court,,,24.8142489,67.0276502,Food & Dining
Zubaida Kids Store,Zubaida Kids Store,,clothes,,24.8212357,67.0346819,Shopping & Retail
Pizza Hut,Pizza Hut,restaurant,,,24.8178494,67.0396574,Food & Dining
New York Coffee,New York Coffee,cafe,,,24.8177641,67.0399202,Food & Dining
Buttlers Chocolate Cafe,Buttlers Chocolate Cafe,cafe,,,24.8171446,67.041009,Food & Dining
Ami Supermarket,Ami Supermarket,,supermarket,,24.8137847,67.0486284,Shopping & Retail
Meat One,Meat One,,butcher,,24.8135285,67.048231,Food & Dining
Dubai Islamic Bank,دبئی اسلامی بینک,bank,,,24.8283035,67.0341218,Services
United Bank Limited,یونائیٹڈ بینک لمیٹڈ,bank,,,24.8268362,67.0346718,Services
Food Center Clifton,Food Center Clifton,restaurant,,,24.8264257,67.0343934,Food & Dining
Filli Tea Cafe,Filli Tea Cafe,cafe,,,24.827021,67.0355524,Food & Dining
Dunkin',Dunkin',fast_food,,,24.8274432,67.0359542,Food & Dining
Nando,Nando,restaurant,,,24.8272933,67.0244863,Food & Dining
Shell Express,Shell Express,fuel,,,24.8303343,67.0346524,Transport & Vehicles
Dubai Islamic Bank,دبئی اسلامی بینک,bank,,,24.8080857,67.036603,Services
Pakistan State Oil - Tauheed Commercial,Pakistan State Oil - Tauheed Commercial,fuel,,,24.8079508,67.0368399,Transport & Vehicles
Movenpick Ice-cream Parl,Movenpick Ice-cream Parl,ice_cream,,,24.8063725,67.0393296,Food & Dining
Ideal Bakers,Ideal Bakers,,bakery,,24.8062887,67.0394741,Food & Dining
Parklane Hospital,Parklane Hospital,hospital,,,24.8167004,67.0314159,Healthcare
Parklane Pharmacy,Parklane Pharmacy,pharmacy,,,24.8167846,67.0312906,Healthcare
Car Deals,Car Deals,,car,,24.8255389,67.034896,Transport & Vehicles
Bata,Bata,,shoes,,24.8269105,67.0352501,Shopping & Retail
Service shoes,Service shoes,,shoes,,24.8266818,67.0352921,Shopping & Retail
The Palm,The Palm,community_centre,,,24.8044875,67.0279319,Religious & Community
Afridi Inn- Clifton 4,Afridi Inn- Clifton 4,restaurant,,,24.8032546,67.0302029,Food & Dining
Seaview Hotel,Seaview Hotel,,,hotel,24.8026402,67.0310723,Accommodation
Paramount Resturant,Paramount Resturant,restaurant,,,24.801174,67.0365253,Food & Dining
Cafe Clifton Tea,Cafe Clifton Tea,cafe,,,24.8015532,67.0368867,Food & Dining
California Pizza Kitchen,California Pizza Kitchen,restaurant,,,24.8018958,67.037204,Food & Dining
MCB Tower,MCB Tower,bank,,,24.8500137,67.0089467,Services
Uni Plaza,Uni Plaza,,mall,,24.850141700000002,67.0077676,Shopping & Retail
State Bank of Pakistan,State Bank of Pakistan,bank,,,24.8488457,66.9995595,Services
Bank Alfalah,بینک الفلاح,bank,,,24.8488603,67.0001302,Services
National Bank of Pakistan - I.I. Chundrigar Road,National Bank of Pakistan - I.I. Chundrigar Road,bank,,,24.8491817,67.0025148,Services
Pakistan Post,Pakistan Post,post_office,,,24.8503712,67.0127994,Services
Al-Falah,Al-Falah,bank,,,24.8122761,67.0187786,Services
Askari Bank,عسکری بینک,bank,,,24.8119598,67.0169816,Services
Saleeqa Houseware Store,Saleeqa Houseware Store,,houseware,,24.8120401,67.0184215,Other / Unspecified
Cafe Aylanto- Clifton 4,Cafe Aylanto- Clifton 4,restaurant,,,24.8040843,67.0312146,Food & Dining
Xanders- Clifton 4,Xanders- Clifton 4,restaurant,,,24.8037548,67.032638,Food & Dining
Cafe E Street,Cafe E Street,restaurant,,,24.8074221,67.0347031,Food & Dining
Cafe Flo,Cafe Flo,restaurant,,,24.8071438,67.0339346,Food & Dining
Head Start School,Head Start School,school,,,24.8091142,67.0347103,Education
Karachi Preschool,Karachi Preschool,kindergarten,,,24.8072924,67.0340256,Education
Zamzama Mall,Zamzama Mall,,mall,,24.8173049,67.0400288,Shopping & Retail
Domino's,Domino's,fast_food,,,24.8172067,67.0403439,Food & Dining
Soneri Bank- Zamzama,Soneri Bank- Zamzama,bank,,,24.8172356,67.0402511,Services
Nawab Mughlai Resturant- Zamzama,Nawab Mughlai Resturant- Zamzama,restaurant,,,24.8169575,67.043131,Food & Dining
Pantry- Zamzama,Pantry- Zamzama,restaurant,,,24.8182979,67.0394426,Food & Dining
Government Girls Degree College,Government Girls Degree College,college,,,24.8159583,67.0397454,Education
Dynasty Event Hall,Dynasty Event Hall,community_centre,,,24.8243199,67.0354584,Religious & Community
Arabian Nights,Arabian Nights,restaurant,,,24.825779,67.0341481,Food & Dining
Hush Puppies,Hush Puppies,,shoes,,24.8267967,67.0352727,Shopping & Retail
MCB,MCB,bank,,,24.8270901,67.0356195,Services
Chase,Chase,,department_store,,24.8275166,67.0366074,Other / Unspecified
Askari Bank,Askari Bank,bank,,,24.8262847,67.0354311,Services
Damascus,Damascus,restaurant,,,24.8259611,67.0359318,Food & Dining
Bayview Junior School,Bayview Junior School,school,,,24.8245438,67.0373332,Education
The Educators School,The Educators School,school,,,24.8253664,67.0414834,Education
Playland amusement park,Playland amusement park,,,theme_park,24.8104302,67.02911,Entertainment & Leisure
Bank Islami- Zamzama,Bank Islami- Zamzama,bank,,,24.8162933,67.0424604,Services
ChatterBox Cafe- Zamzama,ChatterBox Cafe- Zamzama,cafe,,,24.8172801,67.0422971,Food & Dining
United Bank Limited,یونائیٹڈ بینک لمیٹڈ,bank,,,24.807879,67.0373471,Services
Abdul Aziz Masjid,Abdul Aziz Masjid,place_of_worship,,,24.8120226,67.0503149,Religious & Community
Paras Art Shop,Paras Art Shop,,art,,24.8133804,67.0516485,Other / Unspecified
Pizza Point,Pizza Point,fast_food,,,24.8144018,67.0490736,Food & Dining
Rahat Milk Cornor,Rahat Milk Cornor,,dairy,,24.8141275,67.0489281,Food & Dining
Habib Metro Bank,Habib Metro Bank,bank,,,24.813945,67.048679,Services
Bank Al Habib,بينک الحبيب,bank,,,24.8133934,67.048187,Services
Hot n Spicy,Hot n Spicy,fast_food,,,24.813607,67.0492136,Food & Dining
Siam Express,Siam Express,restaurant,,,24.8118469,67.0501712,Food & Dining
La Farina Bakers,La Farina Bakers,,bakery,,24.8117695,67.0500999,Food & Dining
Agha Juice,Agha Juice,fast_food,,,24.8123479,67.0506747,Food & Dining
Faysal Bank,فیصل بینک,bank,,,24.8128315,67.0510146,Services
Bank Alfalah,بینک الفلاح,bank,,,24.8131145,67.0513212,Services
Lals Patisserie,Lals Patisserie,cafe,,,24.8081908,67.0615442,Food & Dining
Bella Vita,Bella Vita,restaurant,,,24.8076277,67.0610049,Food & Dining
United Bank Limited,یونائیٹڈ بینک لمیٹڈ,bank,,,24.8077149,67.0622328,Services
Ginsoy,Ginsoy,restaurant,,,24.8075036,67.0608835,Food & Dining
Meatone,Meatone,,butcher,,24.8076388,67.0621787,Food & Dining
Meezan Bank,Meezan Bank,bank,,,24.8003394,67.0573124,Services
Caltex Pump,Caltex Pump,fuel,,,24.8580962,67.0489059,Transport & Vehicles
Restaurant Ka Mazza Lain,ریسٹورنٹ کا مزہ لیں,restaurant,,,24.7857163,67.0909581,Food & Dining
Samba Bank,Samba Bank,bank,,,24.8449809,66.997046,Services
Allied Bank Limited,الائیڈ بینک لمیٹڈ,bank,,,24.8447629,66.9969897,Services
Pakistan State Oil,پاکستان اسٹیٹ آئل,fuel,,,24.857058,67.0433194,Transport & Vehicles
Dunkin Donuts,ڈنکن ڈونٹس,fast_food,,,24.8103886,67.0701985,Food & Dining
Hunza Cafe,Hunza Cafe,cafe,,,24.8424221,67.0023801,Food & Dining
Soneri Bank Bharia Complex 3,Soneri Bank Bharia Complex 3,bank,,,24.8439472,67.0030269,Services
Arshi Shopping Centre,Arshi Shopping Centre,,mall,,24.9287496,67.0661786,Shopping & Retail
Summit Bank ATM,Summit Bank ATM,atm,,,24.8425355,67.0030548,Services
KPT Guest House,KPT Guest House,,,guest_house,24.8418527,67.0012495,Accommodation
Nehams Fastfood,Nehams Fastfood,fast_food,,,24.8439015,66.9961529,Food & Dining
Meezan Bank P.N.S.C Branch,Meezan Bank P.N.S.C Branch,bank,,,24.8447261,66.9949673,Services
NIB,NIB,bank,,,24.8441224,66.9930435,Services
Karoke Studio -Port Grand,Karoke Studio -Port Grand,bar,,,24.8441719,66.9906,Entertainment & Leisure
European Restaurant -Port Grand,European Restaurant -Port Grand,restaurant,,,24.8429211,66.9898616,Food & Dining
Gaffar Kabob House -Port Grand,Gaffar Kabob House -Port Grand,restaurant,,,24.8430519,66.9899207,Food & Dining
Bay Side Food Court -Port Grand,Bay Side Food Court -Port Grand,restaurant,,,24.8426208,66.989649,Food & Dining
Grand Pier -Port Grand,Grand Pier -Port Grand,restaurant,,,24.8423797,66.9895082,Food & Dining
Chai Shai -Port Grand,Chai Shai -Port Grand,cafe,,,24.8420632,66.9893064,Food & Dining
Pakistan State Oil,پاکستان اسٹیٹ آئل,fuel,,,24.8532083,66.9942776,Transport & Vehicles
Aga Khan School Kharadar,Aga Khan School Kharadar,school,,,24.8540859,66.996117,Education
Meezan Bank,میزان بینک,bank,,,24.8513851,66.9980728,Services
National Bank of Pakistan,نیشنل بینک آف پاکستان,bank,,,24.8516614,66.998211,Services
Faysal Bank Cloth Market Branch,Faysal Bank Cloth Market Branch,bank,,,24.8515494,66.9982874,Services
Bank AlHabib Cloth Market Branch,Bank AlHabib Cloth Market Branch,bank,,,24.8515383,66.9986374,Services
Bank Alfallah Cloth Market Branch,Bank Alfallah Cloth Market Branch,bank,,,24.8507282,66.9981667,Services
Yaadgar Fried Fish,Yaadgar Fried Fish,fast_food,,,24.886001,67.0507366,Food & Dining
Usmania Hospital,Usmania Hospital,hospital,,,24.8868015,67.0533003,Healthcare
CNG,سی این جی,fuel,,,24.8839583,67.0481018,Transport & Vehicles
Pakistan State Oil,پاکستان اسٹیٹ آئل,fuel,,,24.9025116,67.030855,Transport & Vehicles
Pakistan State Oil,پاکستان اسٹیٹ آئل,fuel,,,24.9020647,67.0292754,Transport & Vehicles
PSO Car Wash,PSO Car Wash,car_wash,,,24.9024193,67.0307007,Transport & Vehicles
PSO Car Wash,PSO Car Wash,car_wash,,,24.9021416,67.0295318,Transport & Vehicles
Bata Shoe store,Bata Shoe store,,shoes,,24.8993958,67.0302643,Shopping & Retail
Service Shoes,Service Shoes,,shoes,,24.8994887,67.0302455,Shopping & Retail
United Bank Limited,یونائیٹڈ بینک لمیٹڈ,bank,,,24.8999054,67.0305725,Services
Faysal Bank,فیصل بینک,bank,,,24.8956532,67.0304606,Services
Wazeer Patti Wala,Wazeer Patti Wala,clinic,,,24.8927191,67.0309852,Healthcare
Bank Al Habib,بينک الحبيب,bank,,,24.892013,67.031055,Services
National Bank,National Bank,bank,,,24.9021496,67.0298852,Services
Shell,شیل,fuel,,,24.9062772,67.0312699,Transport & Vehicles
Ryan CNG Station,Ryan CNG Station,fuel,,,24.9184086,67.0320539,Transport & Vehicles
Karachi X-ray,Karachi X-ray,clinic,,,24.9195806,67.0310217,Healthcare
Pakistan State Oil,پاکستان اسٹیٹ آئل,fuel,,,24.9249763,67.0311288,Transport & Vehicles
PSO Car Wash,PSO Car Wash,car_wash,,,24.9251554,67.0309469,Transport & Vehicles
Dil Pasand,Dil Pasand,,confectionery,,24.9261656,67.032188,Other / Unspecified
Meat One,Meat One,,butcher,,24.9265844,67.0326626,Food & Dining
Bata Shoe Store,Bata Shoe Store,,shoes,,24.9266418,67.0327114,Shopping & Retail
Quaid e Azam Rangers Public School & College,Quaid e Azam Rangers Public School & College,school,,,24.9297508,67.0309361,Education
Safi Hospital,Safi Hospital,hospital,,,24.9314545,67.0383043,Healthcare
Pakistan State Oil,پاکستان اسٹیٹ آئل,fuel,,,24.9407335,67.0012119,Transport & Vehicles
PSO Car Wash,PSO Car Wash,car_wash,,,24.9409688,67.0014068,Transport & Vehicles
Post Office,Post Office,post_office,,,24.9452985,67.0042043,Services
Qadri Fast Food,Qadri Fast Food,fast_food,,,24.8520058,66.9989674,Food & Dining
HabibMetro Bank,HabibMetro Bank,bank,,,24.8525871,67.000224,Services
Sarafa Bazar,Sarafa Bazar,marketplace,,,24.8537151,67.001376,Shopping & Retail
"Askari Bank Limited, Jodia Bazar Branch.","Askari Bank Limited, Jodia Bazar Branch.",bank,,,24.8534537,67.0010239,Services
JS Bank,جے ایس بینک,bank,,,24.8538142,67.0022323,Services
MCB Bank,ایم سی بی بینک,bank,,,24.8542835,67.0025314,Services
Joria Bazar,Joria Bazar,marketplace,,,24.8549981,67.0030725,Shopping & Retail
NIB,NIB,bank,,,24.8550572,67.001832,Services
BankIslami,بینک اسلامی,bank,,,24.8551755,67.0022866,Services
Summit Bank,سمٹ بینک,bank,,,24.8553931,67.0017823,Services
Saudi Pak Bank,Saudi Pak Bank,bank,,,24.8547454,67.0019312,Services
Soneri Bank Limited,Soneri Bank Limited,bank,,,24.8547853,67.0015517,Services
Meezan bank,Meezan bank,bank,,,24.8553862,67.0010112,Services
Muhammadi,Muhammadi,place_of_worship,,,24.8537966,66.9992745,Religious & Community
Rangoli Resturant,Rangoli Resturant,restaurant,,,24.8873818,67.0895458,Food & Dining
Kundan Broast,Kundan Broast,fast_food,,,24.8830176,67.0903745,Food & Dining
Merath Kebabs,Merath Kebabs,restaurant,,,24.8830479,67.0903475,Food & Dining
Caltex Petrol Pump,Caltex Petrol Pump,fuel,,,24.8886951,67.0607136,Transport & Vehicles
New Town Police Station,New Town Police Station,police,,,24.8888121,67.0604742,Services
Pakistan State Oil,پاکستان اسٹیٹ آئل,fuel,,,24.8913416,67.0807186,Transport & Vehicles
McDonald's,مکڈونلڈز,fast_food,,,24.8914386,67.0809496,Food & Dining
Time Medico,Time Medico,pharmacy,,,24.8914884,67.0811189,Healthcare
Kagzi Bazar,Kagzi Bazar,marketplace,,,24.8542496,66.9992624,Shopping & Retail
New Quetta al-Hafiz Restaurant,New Quetta al-Hafiz Restaurant,restaurant,,,24.8487612,66.9954154,Food & Dining
Allied Bank Limited,الائیڈ بینک لمیٹڈ,bank,,,24.8488621,66.9959043,Services
Allied Bank ATM,Allied Bank ATM,atm,,,24.8486723,66.9959767,Services
Zubaida Medical Hospital,Zubaida Medical Hospital,hospital,,,24.883327,67.0822341,Healthcare
Chase Up Jail Chowrangi Branch,Chase Up Jail Chowrangi Branch,,supermarket,,24.8843596,67.0569033,Shopping & Retail
Pakistan State Oil,پاکستان اسٹیٹ آئل,fuel,,,24.8839938,67.0554236,Transport & Vehicles
PSO Car Wash,PSO Car Wash,car_wash,,,24.8839321,67.0553211,Transport & Vehicles
Medicare Cardiac & General Hospital,Medicare Cardiac & General Hospital,hospital,,,24.8809599,67.0635735,Healthcare
Pakistan State Oil,پاکستان اسٹیٹ آئل,fuel,,,24.8732359,67.0486796,Transport & Vehicles
CNG,سی این جی,fuel,,,24.8882558,67.0317882,Transport & Vehicles
Allah Wali,Allah Wali,place_of_worship,,,24.8887721,67.0316214,Religious & Community
Noman,Noman,place_of_worship,,,24.8874509,67.0335238,Religious & Community
Mr Burger,Mr Burger,fast_food,,,24.9015136,67.0291531,Food & Dining
Bank Al Habib,بينک الحبيب,bank,,,24.9014661,67.0294056,Services
Fancy Lawn,Fancy Lawn,community_centre,,,24.9019465,67.0260362,Religious & Community
Lamcy Lawn,Lamcy Lawn,community_centre,,,24.901984,67.025747,Religious & Community
Mini Market,Mini Market,,convenience,,24.9008417,67.030113,Shopping & Retail
Pakistan State Oil,پاکستان اسٹیٹ آئل,fuel,,,24.9036076,67.0171315,Transport & Vehicles
Bank Al Habib,بينک الحبيب,bank,,,24.903108,67.0177761,Services
Honda Site,Honda Site,,car,,24.9067884,67.0158159,Transport & Vehicles
Pakistan State Oil,پاکستان اسٹیٹ آئل,fuel,,,24.9117913,67.0140423,Transport & Vehicles
METRO Supermarket,METRO Supermarket,,supermarket,,24.9197091,67.0149476,Shopping & Retail
Byco Petrol Station and CNG,Byco Petrol Station and CNG,fuel,,,24.9190239,67.0142883,Transport & Vehicles
Toyota Clifton Motors,Toyota Clifton Motors,,car,,24.809871,67.033222,Transport & Vehicles
Pakistan State Oil,پاکستان اسٹیٹ آئل,fuel,,,24.8657451,67.0802111,Transport & Vehicles
Honda Defence,Honda Defence,,car,,24.8312646,67.0809597,Transport & Vehicles
Al Arab Shawarma,Al Arab Shawarma,fast_food,,,24.8838022,67.0649733,Food & Dining
Honda Drive In Showroom,Honda Drive In Showroom,,car,,24.9033585,67.1140588,Transport & Vehicles
Hina Garden,Hina Garden,,,apartment,24.9035688,67.1148334,Accommodation
Lasania Resturant,Lasania Resturant,restaurant,,,24.9076307,67.1093462,Food & Dining
Drive-In Wedding Hall,Drive-In Wedding Hall,community_centre,,,24.9019348,67.1114043,Religious & Community
Total,ٹوٹل,fuel,,,24.8205224,67.0338808,Transport & Vehicles
Shell Convenience Store,Shell Convenience Store,,convenience,,24.8294707,67.0525103,Shopping & Retail
Shell Car Wash,Shell Car Wash,car_wash,,,24.8296406,67.0527261,Transport & Vehicles
BankIslami,BankIslami,bank,,,24.8642374,67.0762716,Services
Summit Bank,سمٹ بینک,bank,,,24.8654931,67.0773793,Services
Bank of Khyber,Bank of Khyber,bank,,,24.8659287,67.0787016,Services
Mirch Masala,Mirch Masala,restaurant,,,24.8659465,67.0808729,Food & Dining
Habib Metro,Habib Metro,bank,,,24.8661648,67.0794321,Services
Silkbank,Silkbank,bank,,,24.8658622,67.0805515,Services
Shell Car Care,Shell Car Care,car_wash,,,24.8658268,67.0777975,Transport & Vehicles
National Saving Centre,National Saving Centre,bank,,,24.8670318,67.0813852,Services
United Bank Limited,یونائیٹڈ بینک لمیٹڈ,bank,,,24.8671097,67.0819109,Services
Tameer Microfinance Bank - Head Office,Tameer Microfinance Bank - Head Office,bank,,,24.8674176,67.0813729,Services
National Bank of Pakistan,نیشنل بینک آف پاکستان,bank,,,24.8672108,67.0823225,Services
Siddiq Mosque,Siddiq Mosque,place_of_worship,,,24.8666863,67.0838931,Religious & Community
Baloch Hotel,Baloch Hotel,,,hotel,24.8668602,67.0837133,Accommodation
HBL Pakistan,ایچ بی ایل پاکستان,bank,,,24.8676851,67.0833138,Services
Preston University,Preston University,university,,,24.8678908,67.0851644,Education
Honda Shahrah e Faisal,Honda Shahrah e Faisal,,car,,24.8681391,67.0855453,Transport & Vehicles
BMW Charging Station,BMW Charging Station,charging_station,,,24.8689756,67.0869656,Transport & Vehicles
Blue Moon Banquet,Blue Moon Banquet,community_centre,,,24.8694116,67.0877512,Religious & Community
Carachi Motors Suzuki,Carachi Motors Suzuki,,car,,24.8696453,67.0880767,Transport & Vehicles
Toyota Central Motors,Toyota Central Motors,,car,,24.8701057,67.0888007,Transport & Vehicles
National Bank of Pakistan,نیشنل بینک آف پاکستان,bank,,,24.8707234,67.090038,Services
City Center Shopping Mall,City Center Shopping Mall,,mall,,24.8712183,67.090615,Shopping & Retail
NIB,NIB,bank,,,24.8707022,67.0902906,Services
Majistic Banquet Hall,Majistic Banquet Hall,community_centre,,,24.8723002,67.0911238,Religious & Community
Chaupal Restaurant,Chaupal Restaurant,restaurant,,,24.8745668,67.0943188,Food & Dining
Rosati Bistro,Rosati Bistro,restaurant,,,24.8747907,67.0946917,Food & Dining
Block 2 old Market,Block 2 old Market,marketplace,,,24.8770549,67.1009318,Shopping & Retail
Jama Masjid Diyar E Habib,Jama Masjid Diyar E Habib,place_of_worship,,,24.8773396,67.10201,Religious & Community
Shell,شیل,fuel,,,24.8805185,67.1088418,Transport & Vehicles
Bakri Petrol Station,Bakri Petrol Station,fuel,,,24.8807124,67.1102746,Transport & Vehicles
Total,ٹوٹل,fuel,,,24.880982500000002,67.1107039,Transport & Vehicles
HBL ATM,HBL ATM,atm,,,24.8808676,67.1108707,Services
Faw Apollo Motors,Faw Apollo Motors,,car,,24.8810671,67.1112167,Transport & Vehicles
Suzuki Motors,Suzuki Motors,,car,,24.8816578,67.1119002,Transport & Vehicles
Pakistan State Oil,پاکستان اسٹیٹ آئل,fuel,,,24.8822543,67.1129113,Transport & Vehicles
HBL Pakistan,ایچ بی ایل پاکستان,bank,,,24.8822689,67.1133115,Services
Sigma Motors Limited,Sigma Motors Limited,,car,,24.8827774,67.1138061,Transport & Vehicles
Hascol 1 Petrol Station,Hascol 1 Petrol Station,fuel,,,24.8828314,67.1140279,Transport & Vehicles
Summit Bank ATM,Summit Bank ATM,atm,,,24.8826388,67.1143174,Services
Pakistan Post Office,Pakistan Post Office,post_office,,,24.8840853,67.1165881,Services
Shell Petrol Station - Drigh Road,Shell Petrol Station - Drigh Road,fuel,,,24.885992,67.1221373,Transport & Vehicles
Jamia Masjid,جامع مسجد,place_of_worship,,,24.8872985,67.1271946,Religious & Community
Jamia Masjid Hanafia,جامع مسجد حنفیہ,place_of_worship,,,24.8859603,67.126905,Religious & Community
BYCO Petrol Station,BYCO Petrol Station,fuel,,,24.8869448,67.1294196,Transport & Vehicles
Jamia Masjid Bilal,Jamia Masjid Bilal,place_of_worship,,,24.8862993,67.1306225,Religious & Community
Noori Masjid,نوری مسجد,place_of_worship,,,24.8855438,67.1331374,Religious & Community
Shri Ram Dev Shiv Santosh Mandir,شری رام دیو شیو سنتوش مندر,place_of_worship,,,24.8852895,67.1323633,Religious & Community
Jamia Masjid Qasmia Ferozia,Jamia Masjid Qasmia Ferozia,place_of_worship,,,24.8852829,67.1377813,Religious & Community
Natha Khan Eid Prayer Ground,Natha Khan Eid Prayer Ground,place_of_worship,,,24.8874037,67.1378236,Religious & Community
National Saving Center,National Saving Center,bank,,,24.8839131,67.1402919,Services
HBL Pakistan,ایچ بی ایل پاکستان,bank,,,24.8833559,67.1401148,Services
Bank Al Habib,بينک الحبيب,bank,,,24.8830269,67.1398692,Services
A 1 Briyani Center,A 1 Briyani Center,restaurant,,,24.8851475,67.1400027,Food & Dining
Jamia Masjid Humza,Jamia Masjid Humza,place_of_worship,,,24.8850428,67.1401792,Religious & Community
Dubai Islamic Bank,دبئی اسلامی بینک,bank,,,24.8854345,67.1399941,Services
United Bank Limited,یونائیٹڈ بینک لمیٹڈ,bank,,,24.8854905,67.1398332,Services
Total,ٹوٹل,fuel,,,24.8865708,67.142392,Transport & Vehicles
Sindh Bank,سندھ بینک,bank,,,24.8853202,67.1417215,Services
Meezan Bank,میزان بینک,bank,,,24.8852383,67.1429941,Services
Jamia Masjid Mustufa,Jamia Masjid Mustufa,place_of_worship,,,24.8858019,67.1440738,Religious & Community
Shell,شیل,fuel,,,24.8872326,67.1450916,Transport & Vehicles
Pakistan State Oil,پاکستان اسٹیٹ آئل,fuel,,,24.8871224,67.1459176,Transport & Vehicles
Standard Chartered,اسٹینڈرڈ چارٹرڈ,atm,,,24.8871711,67.146233,Services
Pakistan State Oil,پاکستان اسٹیٹ آئل,fuel,,,24.8866974,67.1464556,Transport & Vehicles
Airport Police Station,Airport Police Station,police,,,24.8871814,67.1483399,Services
United Bank Limited,یونائیٹڈ بینک لمیٹڈ,bank,,,24.9207083,67.0950383,Services
PIA Office,PIA Office,,travel_agency,,24.9202912,67.0946103,Services
Allied Bank Limited,الائیڈ بینک لمیٹڈ,bank,,,24.9206453,67.094319,Services
Mezaan Bank,Mezaan Bank,bank,,,24.9211368,67.0939053,Services
Hobnob Bakery,Hobnob Bakery,,bakery,,24.9215239,67.0943757,Food & Dining
Midway Hospital,Midway Hospital,hospital,,,24.9204202,67.0310582,Healthcare
Abbasi Shaheed Trauma Centre,Abbasi Shaheed Trauma Centre,hospital,,,24.9211529,67.0296122,Healthcare
PC Lawn,PC Lawn,community_centre,,,24.9238608,67.0292172,Religious & Community
Cresent Acedemy,Cresent Acedemy,school,,,24.9251622,67.0919365,Education
Madina tul ilm Imam Bargah,Madina tul ilm Imam Bargah,place_of_worship,,,24.9189895,67.0948048,Religious & Community
Delux Hot N Roll,Delux Hot N Roll,fast_food,,,24.9202151,67.0955491,Food & Dining
Arkhish Resturant,Arkhish Resturant,restaurant,,,24.9208801,67.094884,Food & Dining
Jinnah Marriage Hall,Jinnah Marriage Hall,community_centre,,,24.9253737,67.0305047,Religious & Community
Sabih,Sabih,place_of_worship,,,24.9257289,67.0301077,Religious & Community
Shell,شیل,fuel,,,24.9260986,67.0310143,Transport & Vehicles
MCB Bank,ایم سی بی بینک,bank,,,24.9261746,67.0308466,Services
Dip Shop,Dip Shop,ice_cream,,,24.9261399,67.0316795,Food & Dining
Dehli Nehari House,Dehli Nehari House,restaurant,,,24.9263914,67.0324829,Food & Dining
Fish & Chips,Fish & Chips,fast_food,,,24.926271,67.0323862,Food & Dining
Hanif Hospital Diagnostic Centre,Hanif Hospital Diagnostic Centre,hospital,,,24.9249885,67.0332063,Healthcare
Asghar Hospital,Asghar Hospital,hospital,,,24.925186,67.034245,Healthcare
Taimuria Bakery,Taimuria Bakery,,bakery,,24.9258038,67.0339164,Food & Dining
Al-Markaz,Al-Markaz,place_of_worship,,,24.9245413,67.0350926,Religious & Community
Ali Murtaza,Ali Murtaza,place_of_worship,,,24.9235258,67.0337769,Religious & Community
Dunkin Donuts,ڈنکن ڈونٹس,fast_food,,,24.9269387,67.0329501,Food & Dining
Habib Metro Bank,Habib Metro Bank,bank,,,24.9271862,67.0331748,Services
Meezan Bank,میزان بینک,bank,,,24.927251300000002,67.0332224,Services
Bank Alfalah,بینک الفلاح,bank,,,24.9273359,67.0332773,Services
Feroza Banquet,Feroza Banquet,community_centre,,,24.9270307,67.0342276,Religious & Community
Meri Kong,Meri Kong,restaurant,,,24.927657,67.0329495,Food & Dining
Subway,سب وے,fast_food,,,24.9277518,67.0331265,Food & Dining
Kababjees,Kababjees,restaurant,,,24.9279793,67.0338749,Food & Dining
Mehran Welfare Complex,Mehran Welfare Complex,community_centre,,,24.928186,67.0326665,Religious & Community
Creek Inn,Creek Inn,restaurant,,,24.9284013,67.0321756,Food & Dining
Pizza King,Pizza King,restaurant,,,24.9287831,67.0325325,Food & Dining
Khanjee,Khanjee,restaurant,,,24.9288367,67.0326263,Food & Dining
Sawadee,Sawadee,restaurant,,,24.9286956,67.0324654,Food & Dining
Burger Octane,Burger Octane,fast_food,,,24.9284901,67.0321099,Food & Dining
Sahto Lounge,Sahto Lounge,cafe,,,24.9255341,67.0920378,Food & Dining
HBL Pakistan,ایچ بی ایل پاکستان,bank,,,24.9257076,67.0929342,Services
Hina Medico,Hina Medico,,medical_supply,,24.926051,67.0932988,Healthcare
MCB Bank,ایم سی بی بینک,bank,,,24.9261058,67.0933612,Services
Subhan Allah Stationary,Subhan Allah Stationary,,stationery,,24.9265789,67.0940179,Other / Unspecified
Asif Book store,Asif Book store,,books,,24.9268766,67.094463,Shopping & Retail
Delicacy Bakery,Delicacy Bakery,,bakery,,24.926968,67.0945798,Food & Dining
Topman Shoe Store,Topman Shoe Store,,shoes,,24.9272292,67.0949263,Shopping & Retail
Meat One,Meat One,,butcher,,24.9277735,67.0956716,Food & Dining
United Bank Limited,یونائیٹڈ بینک لمیٹڈ,bank,,,24.9280694,67.0959938,Services
Iqra Book Store,Iqra Book Store,,books,,24.9282886,67.0962819,Shopping & Retail
Red Riding Hood Bakery,Red Riding Hood Bakery,,pastry,,24.9283434,67.0963302,Food & Dining
Habib Metro Bank,Habib Metro Bank,bank,,,24.9285279,67.0965437,Services
Sindh Sweets & Bakers,Sindh Sweets & Bakers,,bakery,,24.9286849,67.0967107,Food & Dining
Hot n Roll,Hot n Roll,fast_food,,,24.9297065,67.0980468,Food & Dining
Nagori Milk Shop,Nagori Milk Shop,,dairy,,24.928883,67.097065,Food & Dining
Disco Bakery,Disco Bakery,,bakery,,24.929117,67.097339,Food & Dining
Pizza Today,Pizza Today,fast_food,,,24.9296361,67.0978812,Food & Dining
Red Apple,Red Apple,fast_food,,,24.9294479,67.0976968,Food & Dining
Home Plus Supermarket,Home Plus Supermarket,,supermarket,,24.9293635,67.0975067,Shopping & Retail
Greens Supermarket,Greens Supermarket,,supermarket,,24.929688,67.0979758,Shopping & Retail
Bank Alfalah,بینک الفلاح,bank,,,24.9297983,67.0981118,Services
Subway,سب وے,fast_food,,,24.929967,67.0983026,Food & Dining
Sizzler Cafe and Grill,Sizzler Cafe and Grill,restaurant,,,24.9306638,67.099261,Food & Dining
Soft Swirl,Soft Swirl,fast_food,,,24.9314204,67.1001201,Food & Dining
Oh My Grill,Oh My Grill,fast_food,,,24.9313685,67.1000533,Food & Dining
JS Bank,جے ایس بینک,bank,,,24.9315898,67.1003462,Services
Discovery Pharmacy,Discovery Pharmacy,,supermarket,,24.9320195,67.100931,Shopping & Retail
Thirsty,Thirsty,cafe,,,24.9322553,67.1012935,Food & Dining
Dunkin Donuts,ڈنکن ڈونٹس,fast_food,,,24.9324586,67.1015487,Food & Dining
Pie In the Sky,Pie In the Sky,,bakery,,24.9329106,67.102207,Food & Dining
Waheed Kabab House,Waheed Kabab House,restaurant,,,24.9329452,67.1022643,Food & Dining
ChopSoy - Gulshan e Iqbal,ChopSoy - Gulshan e Iqbal,restaurant,,,24.9330036,67.1023335,Food & Dining
La Farine Bakery,La Farine Bakery,,bakery,,24.933194,67.1025791,Food & Dining
Hot Bite,Hot Bite,fast_food,,,24.928763,67.031711,Food & Dining
Hi Tea 99,Hi Tea 99,fast_food,,,24.9285659,67.0319698,Food & Dining
14 Street Pizza,14 Street Pizza,fast_food,,,24.9280977,67.0322475,Food & Dining
Fancy Bakery,Fancy Bakery,,bakery,,24.9283191,67.0322796,Food & Dining
Cafe Al Mehran,Cafe Al Mehran,fast_food,,,24.9282497,67.032411,Food & Dining
Manahil Food,Manahil Food,restaurant,,,24.9280248,67.032867,Food & Dining
Afridi Inn,Afridi Inn,restaurant,,,24.9282291,67.0330735,Food & Dining
Nida Fast Food Center,Nida Fast Food Center,fast_food,,,24.9283239,67.0331741,Food & Dining
Chai Session,Chai Session,,tea,,24.9278448,67.0329932,Food & Dining
Mini Market,Mini Market,,convenience,,24.9283891,67.033218,Shopping & Retail
Pizza King,Pizza King,restaurant,,,24.9285943,67.0329425,Food & Dining
Lab Test Clinical Laboratory,Lab Test Clinical Laboratory,clinic,,,24.9284022,67.0342363,Healthcare
Faisal Bank,Faisal Bank,bank,,,24.9281483,67.0351724,Services
Paradise Commerce College,Paradise Commerce College,college,,,24.9288476,67.0358362,Education
Lifeline Hospital,لائف لائن ہسپتال,hospital,,,24.9291492,67.0361313,Healthcare
Meerath Famous Kabab Paratha,Meerath Famous Kabab Paratha,restaurant,,,24.9289295,67.0347351,Food & Dining
Dadabhouy Institute,Dadabhouy Institute,college,,,24.9298283,67.0354941,Education
Zamin CNG Station,Zamin CNG Station,fuel,,,24.9305928,67.0362091,Transport & Vehicles
Splended Banquet,Splended Banquet,community_centre,,,24.9307582,67.0387035,Religious & Community
Beaconhouse School System Primary IV - North Nazimabad,Beaconhouse School System Primary IV - North Nazimabad,school,,,24.9300869,67.038898,Education
Suzuki North Motors,Suzuki North Motors,,car,,24.9299138,67.0392037,Transport & Vehicles
KDA Plant Nursery,KDA Plant Nursery,,florist,,24.9320387,67.0380705,Other / Unspecified
Chase Up,Chase Up,,department_store,,24.9320419,67.0386573,Other / Unspecified
Summit Bank,سمٹ بینک,bank,,,24.9339877,67.0403496,Services
Dolman Mall Hyderi,Dolman Mall Hyderi,,mall,,24.9354357,67.0404768,Shopping & Retail
Sindbad-Dolmen Mall Hyderi,Sindbad-Dolmen Mall Hyderi,,,theme_park,24.9355323,67.0405516,Entertainment & Leisure
Hydri Police Station,Hydri Police Station,police,,,24.9375669,67.0408456,Services
CNG Pump,CNG Pump,fuel,,,24.9262247,67.0896607,Transport & Vehicles
Blooming Garden,Blooming Garden,community_centre,,,24.9247654,67.0908667,Religious & Community
Hydri Commerical Market,Hydri Commerical Market,marketplace,,,24.937714,67.0417693,Shopping & Retail
Blue Ribbon Bakery,Blue Ribbon Bakery,,bakery,,24.9383017,67.0428019,Food & Dining
Mehak Lawn,Mehak Lawn,community_centre,,,24.9259891,67.0906188,Religious & Community
Fariya Mall,Fariya Mall,,mall,,24.9255278,67.0902785,Shopping & Retail
Mumtaz Mobile Mall,Mumtaz Mobile Mall,,mall,,24.9258317,67.0900314,Shopping & Retail
Nighat Palace,Nighat Palace,community_centre,,,24.9261325,67.09049160000001,Religious & Community
Kulsoom Banquet,Kulsoom Banquet,community_centre,,,24.9264213,67.090226,Religious & Community
Blessing Base Hall,Blessing Base Hall,community_centre,,,24.9265925,67.0900823,Religious & Community
Naveed Garden,Naveed Garden,events_venue,,,24.9266695,67.08933,Entertainment & Leisure
Delhi Kebab House,Delhi Kebab House,restaurant,,,24.927555,67.0897289,Food & Dining
Pakistan State Oil,پاکستان اسٹیٹ آئل,fuel,,,24.9280595,67.0888152,Transport & Vehicles
HBL Pakistan,ایچ بی ایل پاکستان,bank,,,24.9212938,67.0898259,Services
Nando's,Nando's,fast_food,,,24.939827,67.0444085,Food & Dining
Mr. Burger,Mr. Burger,fast_food,,,24.8084837,67.0683664,Food & Dining
Taimuria Library,Taimuria Library,library,,,24.9428584,67.0486103,Education
Askari Bank,عسکری بینک,bank,,,24.9443297,67.0484596,Services
Dr Essa Laboratory & Diagnostic Centre,Dr Essa Laboratory & Diagnostic Centre,clinic,,,24.941071,67.0494215,Healthcare
Broadway Pizza,Broadway Pizza,restaurant,,,24.9412449,67.0490889,Food & Dining
MediComplex Hospital,MediComplex Hospital,hospital,,,24.9416803,67.0492284,Healthcare
Silkbank,Silkbank,bank,,,24.941842,67.0489521,Services
Masjid Al Aziz,Masjid Al Aziz,place_of_worship,,,24.9425969,67.0487584,Religious & Community
Karachi Public School,Karachi Public School,school,,,24.9432319,67.0492525,Education
Perl Banquet,Perl Banquet,community_centre,,,24.944111,67.0493725,Religious & Community
Al Massad Banquet,Al Massad Banquet,community_centre,,,24.9445244,67.049732,Religious & Community
The City School,The City School,school,,,24.9451645,67.049162,Education
Remedial Center - Hospital & Nursing Home,Remedial Center - Hospital & Nursing Home,hospital,,,24.9457973,67.0496945,Healthcare
North Marriage Banquet,North Marriage Banquet,community_centre,,,24.9467488,67.0506028,Religious & Community
Bank Al Habib,بينک الحبيب,bank,,,24.9470097,67.0508629,Services
Sky View Banquet,Sky View Banquet,community_centre,,,24.9454255,67.0505501,Religious & Community
Kangan Banquet,Kangan Banquet,community_centre,,,24.9456674,67.05077,Religious & Community
Casamento Banquet,Casamento Banquet,community_centre,,,24.9449974,67.0501933,Religious & Community
Caspia Banquet,Caspia Banquet,community_centre,,,24.9447531,67.0499198,Religious & Community
Child Development Center Campus 2,Child Development Center Campus 2,school,,,24.9455082,67.0516069,Education
Alvi's Skin and Laser Complex (Dr Khurshid H Alvi),Alvi's Skin and Laser Complex (Dr Khurshid H Alvi),hospital,,,24.9464177,67.0531585,Healthcare
Madras Bakery,Madras Bakery,,bakery,,24.9465795,67.0533262,Food & Dining
Khas Meat,Khas Meat,,butcher,,24.9462231,67.0535461,Food & Dining
Chai Club,Chai Club,cafe,,,24.9409081,67.0496965,Food & Dining
Cool Inn Ice Cream,Cool Inn Ice Cream,ice_cream,,,24.9403668,67.050373,Food & Dining
Char Coal,Char Coal,restaurant,,,24.9401334,67.0507324,Food & Dining
Amul Ice Cream,Amul Ice Cream,ice_cream,,,24.939895,67.0510596,Food & Dining
Agha Juice,Agha Juice,,juice,,24.9398871,67.0516346,Food & Dining
Crown Bakery,Crown Bakery,,bakery,,24.9400117,67.0514499,Food & Dining
Baba Rabri,Baba Rabri,restaurant,,,24.9399681,67.0515169,Food & Dining
Burshum,Burshum,restaurant,,,24.9399011,67.0516002,Food & Dining
Quetta Bismillah Restaurant,Quetta Bismillah Restaurant,restaurant,,,24.9399296,67.0515753,Food & Dining
Walk n Roll Fast Food,Walk n Roll Fast Food,fast_food,,,24.9398519,67.0516819,Food & Dining
Donisil Snacks,Donisil Snacks,fast_food,,,24.9397728,67.0511837,Food & Dining
Rock N Roll Bar B Q,Rock N Roll Bar B Q,fast_food,,,24.9396895,67.051289,Food & Dining
Agha Rajab Juice,Agha Rajab Juice,,juice,,24.9395047,67.0514781,Food & Dining
Bank Alfalah,بینک الفلاح,bank,,,24.9394378,67.0516558,Services
Bank Al Habib,بينک الحبيب,bank,,,24.9397284,67.0518509,Services
Donar King,Donar King,restaurant,,,24.9393503,67.0517611,Food & Dining
K&N,K&N,,Chicken,,24.9393166,67.0517838,Other / Unspecified
Sweet Sensation,Sweet Sensation,,bakery,,24.9392826,67.0518335,Food & Dining
Karachi Haleem,Karachi Haleem,restaurant,,,24.9392437,67.0518912,Food & Dining
Hobnob,Hobnob,,bakery,,24.9391975,67.0519166,Food & Dining
Quetta Bismillah Hotel,Quetta Bismillah Hotel,,tea,,24.9393531,67.0523565,Food & Dining
Life Ken Medicos,Life Ken Medicos,pharmacy,,,24.9394893,67.0523551,Healthcare
Allied Bank Limited,الائیڈ بینک لمیٹڈ,bank,,,24.9388613,67.0530379,Services
Qadri BBQ & Roll,Qadri BBQ & Roll,restaurant,,,24.939206,67.0525658,Food & Dining
Al Shifa Medical Store,Al Shifa Medical Store,pharmacy,,,24.9392437,67.0524932,Healthcare
HBL Pakistan,ایچ بی ایل پاکستان,bank,,,24.9391598,67.0526328,Services
Spicy Tonight,Spicy Tonight,restaurant,,,24.938934,67.0523163,Food & Dining
Faysal bank,Faysal bank,bank,,,24.9207525,67.0866485,Services
Mr chef,Mr chef,restaurant,,,24.920849,67.0867779,Food & Dining
Pizza point,Pizza point,restaurant,,,24.9210738,67.0870964,Food & Dining
statenaoiry shop,statenaoiry shop,,gift,,24.9205393,67.0867805,Other / Unspecified
Manis motors,Manis motors,,toys,,24.9206634,67.086927,Other / Unspecified
Time collegiate campus 2,Time collegiate campus 2,college,,,24.9199404,67.0855242,Education
S m public bschool,S m public bschool,college,,,24.9189681,67.0849428,Education
Bank lslami gulshan,Bank lslami gulshan,bank,,,24.9189996,67.0842069,Services
Meezan bank ltd,Meezan bank ltd,bank,,,24.9347543,67.1051493,Services
Papa pizzario,Papa pizzario,restaurant,,,24.9346592,67.105357,Food & Dining
Bovichic,Bovichic,restaurant,,,24.9344933,67.105447,Food & Dining
Bank Al Habib Limited,Bank Al Habib Limited,bank,,,24.9347309,67.1051053,Services
Blue Ribbon Bakery,Blue Ribbon Bakery,restaurant,,,24.9346337,67.1049924,Food & Dining
Bismillah Biryani,Bismillah Biryani,restaurant,,,24.9346112,67.1049513,Food & Dining
Rock & Roll,Rock & Roll,restaurant,,,24.9345572,67.1048866,Food & Dining
MashaAllah Karachi,MashaAllah Karachi,restaurant,,,24.9345019,67.104831,Food & Dining
Agha Haiber Juice,Agha Haiber Juice,restaurant,,,24.9344221,67.1047222,Food & Dining
Biryani Puls,Biryani Puls,restaurant,,,24.9347134,67.1045394,Food & Dining
Manpasand,Manpasand,restaurant,,,24.9349555,67.1048419,Food & Dining
Quetta Kaker Hotel And LceDepot,Quetta Kaker Hotel And LceDepot,cafe,,,24.9347166,67.1044753,Food & Dining
Mah Health & Beauty Parlor,Mah Health & Beauty Parlor,,beauty,,24.9378934,67.0536924,Services
Winsor Public School,Winsor Public School,school,,,24.9362975,67.0550074,Education
D Lounge,D Lounge,cafe,,,24.9374906,67.054138,Food & Dining
DFC,DFC,cafe,,,24.9371197,67.053784,Food & Dining
Chicago Burger Factroy,Chicago Burger Factroy,fast_food,,,24.937369,67.0541421,Food & Dining
Quetta MashALLAH Restaurant,Quetta MashALLAH Restaurant,restaurant,,,24.9376779,67.053965,Food & Dining
Apple Banquet,Apple Banquet,community_centre,,,24.9347693,67.0537792,Religious & Community
New Karachi Foods,New Karachi Foods,restaurant,,,24.9321031,67.0519158,Food & Dining
Munawar Hospital,Munawar Hospital,hospital,,,24.9318047,67.0517254,Healthcare
Hamza Nagori Milk Shop,Hamza Nagori Milk Shop,,dairy,,24.9351124,67.0452807,Food & Dining
Amber Store,Amber Store,,supermarket,,24.9343892,67.1041064,Shopping & Retail
Cello,Cello,,art,,24.9342924,67.1039734,Other / Unspecified
Nadeem Pakwan,Nadeem Pakwan,restaurant,,,24.9341453,67.1037793,Food & Dining
Al Jannat Zaiqa,Al Jannat Zaiqa,restaurant,,,24.933628,67.103588,Food & Dining
Al Farid Biryani Center,Al Farid Biryani Center,restaurant,,,24.9341136,67.1036698,Food & Dining
Ahmed AttariMedical Store,Ahmed AttariMedical Store,clinic,,,24.9326307,67.0945634,Healthcare
Sailani Medical & Super Store,Sailani Medical & Super Store,clinic,,,24.9324404,67.0942556,Healthcare
Ldeal Bakery,Ldeal Bakery,restaurant,,,24.9327242,67.0946963,Food & Dining
Quetta Hotel,Quetta Hotel,cafe,,,24.9330715,67.0941962,Food & Dining
Al Makkah Super Store,Al Makkah Super Store,,supermarket,,24.9333807,67.0954902,Shopping & Retail
Madina Masjid,Madina Masjid,place_of_worship,,,24.9338053,67.0928984,Religious & Community
Adamjee Convention High School,Adamjee Convention High School,school,,,24.9333461,67.0940625,Education
Ghousia Masjid,Ghousia Masjid,place_of_worship,,,24.9349284,67.092482,Religious & Community
Hopes Medical Store At Cardio,Hopes Medical Store At Cardio,hospital,,,24.9339756,67.0801691,Healthcare
Kkf  Medical Store,Kkf  Medical Store,hospital,,,24.93391,67.0802118,Healthcare
Agha Khan Diagnostic Center,Agha Khan Diagnostic Center,hospital,,,24.9384972,67.0337553,Healthcare
Ilyas Biryani,Ilyas Biryani,restaurant,,,24.9371966,67.0332363,Food & Dining
Habib Restaurant,Habib Restaurant,restaurant,,,24.9371918,67.0336091,Food & Dining
Chicken Corn Soup,Chicken Corn Soup,restaurant,,,24.9370994,67.033483,Food & Dining
Rahmaniya,Rahmaniya,place_of_worship,,,24.9360024,67.0334267,Religious & Community
Mumtaz Hospital,Mumtaz Hospital,hospital,,,24.9495187,67.0529808,Healthcare
Hasrat Mohani Libary,Hasrat Mohani Libary,library,,,24.936123,67.0307233,Education
Bilal Masjid,مسجد بلال,place_of_worship,,,24.9360136,67.0294841,Religious & Community
SKB School,SKB School,school,,,24.9352985,67.0278882,Education
Taj Bakery,Taj Bakery,,bakery,,24.9342412,67.0284408,Food & Dining
HBL Pakistan,ایچ بی ایل پاکستان,bank,,,24.9332064,67.0267456,Services
Government Girls Degree College,Government Girls Degree College,college,,,24.9429028,67.0274805,Education
Nizari Jamat Khana,Nizari Jamat Khana,place_of_worship,,,24.9392507,67.0342669,Religious & Community
Bilal Masjid,مسجد بلال,place_of_worship,,,24.9384001,67.0382119,Religious & Community
Ashraf,Ashraf,place_of_worship,,,24.9407372,67.0373783,Religious & Community
Technical Training College,Technical Training College,college,,,24.9394147,67.0393953,Education
Cafe Shah Jee Tea Specialist,Cafe Shah Jee Tea Specialist,restaurant,,,24.8918354,67.0534917,Food & Dining
Mulla Nahari Resturant,Mulla Nahari Resturant,restaurant,,,24.8917722,67.0536419,Food & Dining
Hafiz Sweet Bakery,Hafiz Sweet Bakery,,bakery,,24.8919632,67.0538039,Food & Dining
Pak Juice Roll & Fastfood Corner,Pak Juice Roll & Fastfood Corner,restaurant,,,24.8921829,67.0537995,Food & Dining
Nib Bank,Nib Bank,bank,,,24.8923851,67.0539386,Services
Marhada Bakery,Marhada Bakery,,bakery,,24.8924529,67.054011,Food & Dining
HBL Pakistan,ایچ بی ایل پاکستان,bank,,,24.8924211,67.0541207,Services
UBL Pib Branch,UBL Pib Branch,bank,,,24.8925926,67.054123,Services
J S mini,J S mini,,convenience,,24.8925545,67.0542257,Shopping & Retail
Karachi Kitchen,Karachi Kitchen,restaurant,,,24.8923258,67.0540413,Food & Dining
Meezan Bank,میزان بینک,bank,,,24.8927493,67.0543868,Services
Bank Al Habib,بينک الحبيب,bank,,,24.8931093,67.0545129,Services
Fine Bakery,Fine Bakery,,bakery,,24.8932334,67.0548042,Food & Dining
Star Book Store,Star Book Store,,books,,24.8931339,67.0546884,Shopping & Retail
Fancy Book Store,Fancy Book Store,,books,,24.893379,67.0549423,Shopping & Retail
Faizan E Attar Masjid,Faizan E Attar Masjid,place_of_worship,,,24.8951563,67.0566732,Religious & Community
Meena Bazaar,Meena Bazaar,marketplace,,,24.895261,67.0564086,Shopping & Retail
Muhammadi Masjid,Muhammadi Masjid,place_of_worship,,,24.896357,67.054167,Religious & Community
Ahmed Raza Masjid,Ahmed Raza Masjid,place_of_worship,,,24.8966113,67.053181,Religious & Community
Rex Banquet,Rex Banquet,community_centre,,,24.9396359,67.0442484,Religious & Community
Florence Medical Centre,Florence Medical Centre,clinic,,,24.9419766,67.0481255,Healthcare
Pizza Max,Pizza Max,restaurant,,,24.9399271,67.0510112,Food & Dining
St. George School,St. George School,school,,,24.9424338,67.0514755,Education
Aamir Palace,Aamir Palace,community_centre,,,24.9438291,67.0479641,Religious & Community
Grand Banquet,Grand Banquet,community_centre,,,24.9439968,67.048116,Religious & Community
The Beginners School,The Beginners School,school,,,24.9448016,67.0449882,Education
National Girls Govt. School,National Girls Govt. School,school,,,24.9420182,67.043547,Education
Arsha e Syed Banquet,Arsha e Syed Banquet,community_centre,,,24.9443262,67.0495492,Religious & Community
Elegant Banquet,Elegant Banquet,community_centre,,,24.9445353,67.0486943,Religious & Community
Galaxy Green Banquet,Galaxy Green Banquet,community_centre,,,24.9459391,67.0498783,Religious & Community
Saffron Banquet,Saffron Banquet,community_centre,,,24.9461255,67.0500527,Religious & Community
Baba Habbash Banquet,Baba Habbash Banquet,community_centre,,,24.9460781,67.051105,Religious & Community
New Hyderi Market,New Hyderi Market,marketplace,,,24.94792,67.0531326,Shopping & Retail
Emerald Banquet,Emerald Banquet,community_centre,,,24.9496404,67.0543077,Religious & Community
Badri High School,Badri High School,school,,,24.9356594,67.0358662,Education
Ibrahim Ali Bhai Govt School,Ibrahim Ali Bhai Govt School,school,,,24.9460551,67.0467576,Education
Govt Comprehensive Grils Secondary School,Govt Comprehensive Grils Secondary School,school,,,24.9451202,67.058481,Education
Madni Masjid,Madni Masjid,place_of_worship,,,24.9495027,67.0601119,Religious & Community
Jama Masjid Rehmat e Alam,Jama Masjid Rehmat e Alam,place_of_worship,,,24.9383693,67.0571935,Religious & Community
Government School,Government School,school,,,24.9380434,67.0571656,Education
Iqbal Market,Iqbal Market,marketplace,,,24.9350091,67.0436442,Shopping & Retail
Smart Super Store,Smart Super Store,,convenience,,24.9374712,67.0543467,Shopping & Retail
Chop Soy,Chop Soy,restaurant,,,24.9387924,67.0525747,Food & Dining
Usman,Usman,place_of_worship,,,24.9359295,67.0541057,Religious & Community
Rafah e Aam Medical Centre,Rafah e Aam Medical Centre,hospital,,,24.9381866,67.0662705,Healthcare
Imam Shah Ahmed Noori,Imam Shah Ahmed Noori,place_of_worship,,,24.9376776,67.0655593,Religious & Community
Optical Corner,Optical Corner,,optician,,24.9379302,67.0536523,Services
MCB Bank,ایم سی بی بینک,bank,,,24.9393938,67.0517088,Services
Master Cakes,Master Cakes,,bakery,,24.9389813,67.0522623,Food & Dining
Pizza Point,Pizza Point,restaurant,,,24.9390893,67.0521472,Food & Dining
Family Mart,Family Mart,,convenience,,24.9402318,67.0505945,Shopping & Retail
Bank Al Habb,Bank Al Habb,bank,,,24.8113123,67.0182986,Services
Clifton Medico,Clifton Medico,pharmacy,,,24.8113784,67.0181121,Healthcare
Medicine Brand Pharmacy,Medicine Brand Pharmacy,pharmacy,,,24.8114363,67.0180494,Healthcare
Ali Clinic,Ali Clinic,clinic,,,24.8116334,67.0176635,Healthcare
Drug Mart Pharmacy UK,Drug Mart Pharmacy UK,pharmacy,,,24.8115723,67.0176978,Healthcare
Shades z,Shades z,,beauty,,24.8110717,67.0170602,Services
Shell Car service,Shell Car service,car_wash,,,24.8157504,67.0188409,Transport & Vehicles
Port Grand Mosque,Port Grand Mosque,place_of_worship,,,24.8458806,66.9927417,Religious & Community
Arafat Hotel,Arafat Hotel,,,hotel,24.8589057,67.0246733,Accommodation
Khalid Sweets n Bakers,Khalid Sweets n Bakers,,bakery,,24.883146,67.0659996,Food & Dining
Village Inn,Village Inn,restaurant,,,24.9099485,67.0106047,Food & Dining
FBL Offsite ATM,FBL Offsite ATM,bank,,,24.9198665,67.0169429,Services
Sindh Social Scurity Hospital,Sindh Social Scurity Hospital,hospital,,,24.926006,67.0152528,Healthcare
Euro Classic,Euro Classic,,,apartment,24.9347802,67.0410466,Accommodation
Kulsum Bai Valika Hospital,Kulsum Bai Valika Hospital,hospital,,,24.9272234,67.0155671,Healthcare
Bilal Masjid,مسجد بلال,place_of_worship,,,24.9301054,67.0208756,Religious & Community
Paposh Qabristan,Paposh Qabristan,grave_yard,,,24.9263518,67.0227357,Other / Unspecified
State Bank of Pakistan,State Bank of Pakistan,bank,,,24.9299722,67.0253428,Services
Nazimabad Eid Gah Ground,Nazimabad Eid Gah Ground,place_of_worship,,,24.9116234,67.0298084,Religious & Community
Dalmia Police Chowki,Dalmia Police Chowki,police,,,24.9042129,67.1023358,Services
Kashif Iqbal Thalassemia Care Center,Kashif Iqbal Thalassemia Care Center,hospital,,,24.9006702,67.1059825,Healthcare
Peer Bazar,Peer Bazar,marketplace,,,24.9017489,67.1059366,Shopping & Retail
Muhammadi Masjid,Muhammadi Masjid,place_of_worship,,,24.9026634,67.1078701,Religious & Community
Ideal Foods,Ideal Foods,fast_food,,,24.9027441,67.1069575,Food & Dining
Good Eat Fast Foods,Good Eat Fast Foods,fast_food,,,24.9102671,67.1063432,Food & Dining
Broadway Pizza,Broadway Pizza,fast_food,,,24.91008,67.1065959,Food & Dining
Food Factory Tabaq,Food Factory Tabaq,,confectionery,,24.9095361,67.106059,Other / Unspecified
Raees Pappu Work Shop,Raees Pappu Work Shop,,car_repair,,24.909752,67.1065658,Transport & Vehicles
Ali Clinic,Ali Clinic,clinic,,,24.9094543,67.106765,Healthcare
Argenta Leather,Argenta Leather,,leather,,24.9094241,67.1073779,Other / Unspecified
Catch Interior,Catch Interior,,interior_decoration,,24.9095093,67.107259,Other / Unspecified
UR Suzuki,UR Suzuki,,motorcycle,,24.9096532,67.1070626,Transport & Vehicles
Madni Sheermal,Madni Sheermal,food_court,,,24.9090381,67.1078737,Food & Dining
Muhammadi Bakers,Muhammadi Bakers,,bakery,,24.908556,67.107143,Food & Dining
Madina General Store,Madina General Store,,convenience,,24.9088346,67.1075642,Shopping & Retail
Mahtab Clinic,Mahtab Clinic,clinic,,,24.9088235,67.1077437,Healthcare
Madina Medical Store,Madina Medical Store,clinic,,,24.9085272,67.1072771,Healthcare
Daewoo Cargo Service,Daewoo Cargo Service,bus_station,,,24.9087926,67.1081814,Transport & Vehicles
Naveed Hijama Clinic,Naveed Hijama Clinic,clinic,,,24.9084147,67.1081502,Healthcare
Meezan Bank,Meezan Bank,bank,,,24.908485,67.1085993,Services
United Bank Limited,یونائیٹڈ بینک لمیٹڈ,bank,,,24.9084167,67.1086923,Services
Faisal Bank (Islamic Branch),Faisal Bank (Islamic Branch),bank,,,24.9082705,67.108878,Services
Khushali Bank Limited,Khushali Bank Limited,bank,,,24.9081218,67.1090595,Services
MCB Rashid Minhas Branch,MCB Rashid Minhas Branch,bank,,,24.9078499,67.1094215,Services
California Pizza,California Pizza,fast_food,,,24.907713,67.1096005,Food & Dining
Subway,سب وے,fast_food,,,24.9075809,67.1097422,Food & Dining
Bank Alfalah,بینک الفلاح,bank,,,24.9074777,67.1098965,Services
Farzand CNG Station,Farzand CNG Station,fuel,,,24.9069434,67.1105817,Transport & Vehicles
BAKRI Petrol Pump,BAKRI Petrol Pump,fuel,,,24.9068298,67.1106983,Transport & Vehicles
Purple Apple Marriage Lawn,Purple Apple Marriage Lawn,townhall,,,24.9066612,67.1109393,Religious & Community
Glamour Mobile Market,Glamour Mobile Market,,mobile_phone,,24.9065622,67.1111177,Shopping & Retail
Silkbank,Silkbank,bank,,,24.9044971,67.113066,Services
Dawlance,Dawlance,,electronics,,24.9043741,67.1131859,Shopping & Retail
TCS,TCS,post_office,,,24.9042627,67.1132672,Services
Hobnob Bakery,Hobnob Bakery,,bakery,,24.9041448,67.1133787,Food & Dining
United Mobile Market,United Mobile Market,,mobile_phone,,24.9035577,67.1139263,Shopping & Retail
Manzoor Colony Furniture Market,Manzoor Colony Furniture Market,,furniture,,24.8541244,67.089757,Shopping & Retail
Curtain Corner,Curtain Corner,,yes,,24.8544515,67.0897315,Other / Unspecified
M.Riaz Interior 1,M.Riaz Interior 1,,yes,,24.8541777,67.0890281,Other / Unspecified
JB INTERIORS,JB INTERIORS,,yes,,24.8542845,67.0888672,Other / Unspecified
Al Mukhtar Masjid,Al Mukhtar Masjid,place_of_worship,,,24.8541935,67.0887736,Religious & Community
Pacific Interior,Pacific Interior,,yes,,24.8542918,67.0886851,Other / Unspecified
Mod Furniture,Mod Furniture,,yes,,24.8543001,67.0884973,Other / Unspecified
Samar Interiors,Samar Interiors,,yes,,24.854245,67.0877711,Other / Unspecified
Shah Jee Hardware & Sofa Cushion Material,Shah Jee Hardware & Sofa Cushion Material,,yes,,24.8543147,67.0879315,Other / Unspecified
Tauheed Furniture,Tauheed Furniture,,yes,,24.8542464,67.0876772,Other / Unspecified
Touch Wood Furniture,Touch Wood Furniture,,yes,,24.8542641,67.0873594,Other / Unspecified
Shanis Interior,Shanis Interior,,yes,,24.8543356,67.0876065,Other / Unspecified
Shayan e shaan,Shayan e shaan,,yes,,24.8543587,67.0874373,Other / Unspecified
Masjid Ibrahim,Masjid Ibrahim,place_of_worship,,,24.8534991,67.0872867,Religious & Community
"Waqar,s EMB","Waqar,s EMB",,yes,,24.8540899,67.086479,Other / Unspecified
Bismillah Milk Corner,Bismillah Milk Corner,,yes,,24.854427,67.0864146,Other / Unspecified
Waheed Hardware Store,Waheed Hardware Store,,yes,,24.8544007,67.0859595,Other / Unspecified
Hussain Timber,Hussain Timber,,yes,,24.8544008,67.0858811,Other / Unspecified
Faysal Bank,فیصل بینک,bank,,,24.7962578,67.0450447,Services
Darul Ehsan,Darul Ehsan,place_of_worship,,,24.8540761,67.0854409,Religious & Community
Al-Habib Bank Ltd,Al-Habib Bank Ltd,bank,,,24.8544092,67.0853539,Services
Anas Pakwaan,Anas Pakwaan,restaurant,,,24.8548376,67.0849199,Food & Dining
Bilal Mehfooz Sheermaal,Bilal Mehfooz Sheermaal,restaurant,,,24.8549819,67.0848441,Food & Dining
BISMILLAH IDEAL General Store & Wholesaler,BISMILLAH IDEAL General Store & Wholesaler,,yes,,24.8553326,67.084509,Other / Unspecified
Hira Masjid,Hira Masjid,place_of_worship,,,24.8558898,67.085533,Religious & Community
New Quetta Marhaba Hotel,New Quetta Marhaba Hotel,restaurant,,,24.8556334,67.0856853,Food & Dining
Quetta Marhaba Hotel,Quetta Marhaba Hotel,,,hotel,24.855256,67.0867201,Accommodation
Furniture Factory Karachi,Furniture Factory Karachi,,yes,,24.8555626,67.0875032,Other / Unspecified
Al-Irfan,Al-Irfan,place_of_worship,,,24.8556755,67.0879336,Religious & Community
Sajjad General Store,Sajjad General Store,,yes,,24.8557808,67.0877331,Other / Unspecified
Toyota Eastern Motors,Toyota Eastern Motors,,car,,24.9077483,67.1103718,Transport & Vehicles
Chatterbox,Chatterbox,cafe,,,24.7909061,67.0650309,Food & Dining
Dubai Islamic Bank,دبئی اسلامی بینک,bank,,,24.7908201,67.0649424,Services
Zouk,Zouk,restaurant,,,24.7905326,67.0652906,Food & Dining
Dandee,Dandee,fast_food,,,24.7970864,67.0442139,Food & Dining
Dubai Islamic Bank,دبئی اسلامی بینک,bank,,,24.7978251,67.0451975,Services
Bundo Khan Resturant,Bundo Khan Resturant,restaurant,,,24.7978618,67.0452078,Food & Dining
Bilal Masjid- Tauheed Commercial,Bilal Masjid- Tauheed Commercial,place_of_worship,,,24.808533,67.0379117,Religious & Community
Al Mehmil Banquet,Al Mehmil Banquet,community_centre,,,24.943358,67.048716,Religious & Community
Umar bin Abdul Aziz Mosque,Umar bin Abdul Aziz Mosque,place_of_worship,,,24.826704200000002,67.0696088,Religious & Community
Baithak -Boat Basin,Baithak -Boat Basin,restaurant,,,24.8265421,67.0259083,Food & Dining
Tandoori Hut Restaurant -Boat Basin,Tandoori Hut Restaurant -Boat Basin,restaurant,,,24.8260581,67.0255502,Food & Dining
Wali Darbar Hotel -Boat Basin,Wali Darbar Hotel -Boat Basin,cafe,,,24.8260299,67.026093,Food & Dining
