name,name_original,amenity,shop,tourism,@lat,@lon
Askari Bank,عسکری بینک,bank,,,24.8499525,67.0096177
Masjid Ahsan Ul Uloom,Masjid Ahsan Ul Uloom,place_of_worship,,,24.9237178,67.0877572
Total,Total,fuel,,,24.893615,66.975677
Total,ٹوٹل,fuel,,,24.9041386,66.9631744
Oven Fresh Bakery,Oven Fresh Bakery,,bakery,,24.9383338,67.0418258
Masjid e Quba,Masjid e Quba,place_of_worship,,,24.93996,67.0720062
Masjid O Imambargah Aal-e-Aba,Masjid O Imambargah Aal-e-Aba,place_of_worship,,,24.9372836,67.0688635
Farooq-e-Azam Masjid,Farooq-e-Azam Masjid,place_of_worship,,,24.9364664,67.070975
Jama-e-Masjid Gulberg,Jama-e-Masjid Gulberg,place_of_worship,,,24.9420905,67.0661736
Medina,Medina,place_of_worship,,,24.93196,67.0652157
Shadab Masjid,Shadab Masjid,place_of_worship,,,24.9339683,67.0615736
Al-Falah,Al-Falah,place_of_worship,,,24.9298897,67.0729277
Aqsa,Aqsa,place_of_worship,,,24.9279375,67.0775849
Al-Akhwan,Al-Akhwan,place_of_worship,,,24.9247526,67.0779918
Madni,Madni,place_of_worship,,,24.9208797,67.0901765
Shah Faisal,Shah Faisal,place_of_worship,,,24.9249817,67.0958843
Memon,Memon,place_of_worship,,,24.8838075,67.0594417
Alvi Dental Hospital,Alvi Dental Hospital,hospital,,,24.8563966,67.0544131
Bilal Masjid,مسجد بلال,place_of_worship,,,24.8762259,67.0871296
Masjid Makkah,مسجد مکہ,place_of_worship,,,24.8751763,67.0854461
Links Primary School,Links Primary School,school,,,24.8088198,67.0306753
Links Pre School,Links Pre School,school,,,24.8079442,67.0288964
Links Secondary School- Clifton 4,Links Secondary School- Clifton 4,school,,,24.8049404,67.0296412
Al Hamra Masjid,Al Hamra Masjid,place_of_worship,,,24.8731903,67.080227
Gizri Police Station,Gizri Police Station,police,,,24.8275591,67.0594362
Shell Bahria,Shell Bahria,fuel,,,24.8176839,67.0654722
Park Towers Supermarket,Park Towers Supermarket,,supermarket,,24.8144196,67.0269686
Jumbo Super Store,Jumbo Super Store,,convenience,,24.8746536,67.0887461
Tania Clinic,Tania Clinic,clinic,,,24.8947671,67.0570175
Masjid Umar Farooq,Masjid Umar Farooq,place_of_worship,,,24.8099273,67.069189
Hot 'n' Spicy,Hot 'n' Spicy,fast_food,,,24.8095767,67.0694223
Espresso Cafe,Espresso Cafe,cafe,,,24.8081254,67.0614712
Total,ٹوٹل,fuel,,,24.8410899,67.060603
Dunkin Donuts,ڈنکن ڈونٹس,fast_food,,,24.8831011,67.0902983
Awami Markaz,Awami Markaz,parking,,,24.8708003,67.0914152
Chillis Fast Food,Chillis Fast Food,fast_food,,,24.8746202,67.0880587
Kaybees Fast Food,Kaybees Fast Food,fast_food,,,24.8753422,67.0878142
Ideal Bakers,Ideal Bakers,,bakery,,24.8671234,67.075395
Fun City - Hill Park,Fun City - Hill Park,,,attraction,24.8712798,67.0710927
Shell,شیل,fuel,,,24.865712,67.0778031
Dubai Islamic Bank,دبئی اسلامی بینک,bank,,,24.8796563,67.0654992
Meezan Bank Ltd,Meezan Bank Ltd,bank,,,24.8798826,67.0652313
Rangoonwala Hall,Rangoonwala Hall,,,attraction,24.8854042,67.074655
Pakistan State Oil,پاکستان اسٹیٹ آئل,fuel,,,24.8765375,67.0844129
Shell Askari 4,شیل عسکری 4,fuel,,,24.9006974,67.1166364
Meezan Bank Limited (Shahrah-e-Faisal 0111),Meezan Bank Limited (Shahrah-e-Faisal 0111),bank,,,24.8640287,67.0758432
Tabani School of Accountancy,Tabani School of Accountancy,school,,,24.8632665,67.0586436
Avari Beach Luxury Hotel,Avari Beach Luxury Hotel,,,hotel,24.8438592,66.9956082
CNG filling station,CNG filling station,fuel,,,24.9233647,67.0898984
RAB Medical Centre,RAB Medical Centre,hospital,,,24.9223154,67.0885875
Samdani Hospital,Samdani Hospital,hospital,,,24.9215799,67.0882897
Masjid Ali Murtaza,Masjid Ali Murtaza,place_of_worship,,,24.8838908,66.9515963
Masjid Hassan,Masjid Hassan,place_of_worship,,,24.8866452,66.9541068
PAFWA Montessori,PAFWA Montessori,kindergarten,,,24.8883581,66.9541723
College of Aviation Safety Management - CASM,College of Aviation Safety Management - CASM,school,,,24.8885533,66.952873
Motor Bike Repair,Motor Bike Repair,,motorcycle,,24.8849001,66.9514257
Electronic Repair Shop,Electronic Repair Shop,,doityourself,,24.8864895,66.9544319
Cycle Repair,Cycle Repair,,bicycle,,24.8865212,66.9543728
Medical Institute,Medical Institute,hospital,,,24.8881829,66.9529916
Veg n Fruit Shop,Veg n Fruit Shop,,greengrocer,,24.8864505,66.9542147
Photo Shop,Photo Shop,,,artwork,24.8864311,66.9543301
General Store,General Store,,convenience,,24.8865187,66.9544936
PAF Cinema,PAF Cinema,cinema,,,24.8878039,66.9548042
General Store,General Store,,convenience,,24.8876773,66.9548042
Sweet Shop,Sweet Shop,,confectionery,,24.8830699,66.9502246
HBL Pakistan,ایچ بی ایل پاکستان,bank,,,24.8832645,66.9501307
Repair Shop,Repair Shop,,doityourself,,24.8850267,66.9513398
CSD Store,CSD Store,,supermarket,,24.883447,66.9500314
Medical Store,Medical Store,pharmacy,,,24.8829872,66.9501924
Barber Shop,Barber Shop,,hairdresser,,24.8848125,66.95149
Tyre Shop,Tyre Shop,,car_repair,,24.8849683,66.951372
General Store,General Store,,convenience,,24.8860578,66.9552993
Nan Shop,Nan Shop,restaurant,,,24.8860968,66.9552671
Fruit n Veg Shop,Fruit n Veg Shop,,greengrocer,,24.8831477,66.9502138
Bakery,Bakery,,bakery,,24.8832086,66.9501817
Gift Shop,Gift Shop,,gift,,24.8829288,66.9501226
National Bank,National Bank,bank,,,24.8827779,66.950187
SIF Market No 2,SIF Market No 2,marketplace,,,24.8847634,66.9560396
Meet Shop,Meet Shop,,butcher,,24.8849094,66.9559216
Computer Acc Shop,Computer Acc Shop,,hifi,,24.8848242,66.9562273
Fruit n Veg Shop,Fruit n Veg Shop,,greengrocer,,24.8849483,66.9560262
Milk Shop,Milk Shop,pub,,,24.8847829,66.9562515
CD Computer Acc Shop,CD Computer Acc Shop,,hifi,,24.884885,66.9561844
General Store,General Store,,convenience,,24.8846855,66.956222
Cafe n Nan Shop,Cafe n Nan Shop,restaurant,,,24.8847074,66.9562676
Shoe Repair,Shoe Repair,,florist,,24.8847462,66.9562731
General Store,General Store,,convenience,,24.884649,66.956171
Stitch Shop,Stitch Shop,,clothes,,24.8849167,66.9561764
Gift Shop,Gift Shop,,gift,,24.8849556,66.9561549
Cycle Repair Shop,Cycle Repair Shop,,bicycle,,24.8849897,66.9560905
General Store,General Store,,convenience,,24.8849313,66.9559698
National Bank,National Bank,bank,,,24.8541963,67.0241398
Mottas,Mottas,,supermarket,,24.8269207,67.03357
Jeddah Foods,Jeddah Foods,fast_food,,,24.8271318,67.0335766
Tipu Burger,Tipu Burger,fast_food,,,24.827242,67.0332106
Pakistan State Oil,پاکستان اسٹیٹ آئل,fuel,,,24.8888641,66.9828594
Seafront BBQ,Seafront BBQ,restaurant,,,24.8424475,66.9953222
Habib Public School,Habib Public School,school,,,24.8414609,67.0201145
Carefour Super Market,Carefour Super Market,,supermarket,,24.8019067,67.03066
Eastern Autos,Eastern Autos,,car,,24.9125789,67.126503
Al Jeddah Medical Store,Al Jeddah Medical Store,pharmacy,,,24.9156407,66.9657386
Cafe Karachi,Cafe Karachi,cafe,,,24.8744292,67.0301985
Emerald Mall & Tower,Emerald Mall & Tower,,mall,,24.8217046,67.0340335
The Executive Lawn,The Executive Lawn,community_centre,,,24.9119263,67.1106531
HBL Pakistan,ایچ بی ایل پاکستان,bank,,,24.9455671,67.0771094
Agha Khan Hospital for Women,Agha Khan Hospital for Women,hospital,,,24.9265842,67.0646827
Ziauddin Hospital North Nazimabad,Ziauddin Hospital North Nazimabad,hospital,,,24.9239276,67.0447127
Pakistan State Oil,پاکستان اسٹیٹ آئل,fuel,,,24.8316244,67.0785166
Gizri Graveyard,گزری قبرستان,grave_yard,,,24.8179854,67.0563529
Sadequain Grammer School,Sadequain Grammer School,school,,,24.9277784,67.1314781
Kaiser Restaurant,Kaiser Restaurant,restaurant,,,24.8554939,67.0095
Dunkin Donuts,ڈنکن ڈونٹس,fast_food,,,24.8655472,67.0775606
Pakistan Shipowner's Government College,Pakistan Shipowner's Government College,college,,,24.9488618,67.0409069
Urdu Bazaar,Urdu Bazaar,marketplace,,,24.8589014,67.0171826
Saad Car Airconditioning,Saad Car Airconditioning,,car_repair,,24.8627709,67.0584435
Qudsiya Mosque,Qudsiya Mosque,place_of_worship,,,24.9129005,67.0422088
Hascol Petrol Station,Hascol Petrol Station,fuel,,,24.929999,67.13988
Pearl Continental Hotel,Pearl Continental Hotel,,,hotel,24.8476272,67.0259569
Zam Zam Publisher,Zam Zam Publisher,,books,,24.8592494,67.0190238
Meezan Bank Limited,Meezan Bank Limited,atm,,,24.906664,66.9973634
United Bank Limited,یونائیٹڈ بینک لمیٹڈ,bank,,,24.8764826,67.1008233
Meezan Bank Limited SITE Branch,Meezan Bank Limited SITE Branch,bank,,,24.9102459,67.0109264
The Bank of Khyber SITE Branch,The Bank of Khyber SITE Branch,bank,,,24.911412,67.0126172
Chase Up,Chase Up,,supermarket,,24.9170417,67.0965584
Askari Commercial Bank,Askari Commercial Bank,bank,,,24.8849116,67.0694349
Soneri Bank,سونیری بینک,atm,,,24.8383157,67.0491089
Karachi Memon Community Centre,Karachi Memon Community Centre,community_centre,,,24.8694535,67.0745141
Standard Chartered,اسٹینڈرڈ چارٹرڈ,bank,,,24.8270175,67.0288592
Keamari Head Post Office,کیماڑی ہیڈ پوسٹ آفس,post_office,,,24.8241811,66.9785198
Mustafa,Mustafa,place_of_worship,,,24.947291,67.0263132
Police Station Clifton,Police Station Clifton,police,,,24.8136295,67.0290316
Noor,Noor,place_of_worship,,,24.9303104,67.0444489
Jama Cloth Market,Jama Cloth Market,marketplace,,,24.8584177,67.0140248
Chase Value Cenre,Chase Value Cenre,,supermarket,,24.9417082,67.0485755
Masjid Siddiq e Akbar,Masjid Siddiq e Akbar,place_of_worship,,,24.9488832,67.0415095
Jama Masjid Shafi,Jama Masjid Shafi,place_of_worship,,,24.9465858,67.0401301
HBL Pakistan,ایچ بی ایل پاکستان,bank,,,24.8543642,67.028436
Khairabad Tea Shop - Irani Cafe,Khairabad Tea Shop - Irani Cafe,cafe,,,24.8507088,67.0185501
Total,ٹوٹل,fuel,,,24.8530825,67.022541
Mehdi Lawn,Mehdi Lawn,community_centre,,,24.9499517,67.0534289
Saima Pari Mall,Saima Pari Mall,,mall,,24.9386061,67.0444542
Pakistan Post,Pakistan Post,post_office,,,24.9354814,67.0419741
Usman Ghani Masjid,مسجد عثمان غنی,place_of_worship,,,24.914814,67.1248935
786 Medical Store,786 Medical Store,pharmacy,,,24.9132759,67.1241947
Asalam Store,Asalam Store,,yes,,24.9134732,67.1240247
Shanzay Travels,Shanzay Travels,,travel_agency,,24.9127201,67.1257132
MCB Bank,ایم سی بی بینک,bank,,,24.9117043,67.1246341
Meezan Bank,میزان بینک,bank,,,24.9141559,67.1273435
Rizwan,Rizwan,place_of_worship,,,24.9326513,67.078983
Masjid Owais Qarni,Masjid Owais Qarni,place_of_worship,,,24.9100622,67.1094569
United King Bakery,United King Bakery,,bakery,,24.9079946,67.1100721
Hot N Spicy Potatoes & hot N Sweet Corn,Hot N Spicy Potatoes & hot N Sweet Corn,restaurant,,,24.8842184,67.0571409
Pakistan Pakwan House,Pakistan Pakwan House,restaurant,,,24.9330613,67.0524883
Blue Mount CNG,Blue Mount CNG,fuel,,,24.9382687,67.1494914
Total,ٹوٹل,fuel,,,24.9377221,67.1461603
Roshni Sweets/Bakers,Roshni Sweets/Bakers,,bakery,,24.9382223,67.1491081
Food Finder,Food Finder,fast_food,,,24.9381347,67.1485966
Dr Essa Clinical Laboratory,Dr Essa Clinical Laboratory,hospital,,,24.9381578,67.1487787
Bank Alfalah,بینک الفلاح,atm,,,24.9377289,67.1499709
Bank Dubai Islamic,Bank Dubai Islamic,atm,,,24.9376442,67.1494054
JS Bank,جے ایس بینک,atm,,,24.9373337,67.1469936
Ufone Franchise,Ufone Franchise,,mobile_phone,,24.9373666,67.1473477
Al Sheikh Hotel,Al Sheikh Hotel,restaurant,,,24.9380427,67.1481362
Al Rehman Hospital,Al Rehman Hospital,hospital,,,24.9388891,67.1493164
Jamia Hamdia Rizvia,Jamia Hamdia Rizvia,place_of_worship,,,24.9495128,67.1317088
Pakistan State Oil,پاکستان اسٹیٹ آئل,fuel,,,24.9339483,67.1289529
HBL Pakistan,ایچ بی ایل پاکستان,atm,,,24.9341557,67.1289546
Zam Zam Super Store,Zam Zam Super Store,,supermarket,,24.9349934,67.1352614
Habib Metropolitan Bank,Habib Metropolitan Bank,atm,,,24.934919,67.1349459
Soneri Bank Ltd,Soneri Bank Ltd,atm,,,24.9361849,67.1385442
Police Station (Gulistan e Jauhar),Police Station (Gulistan e Jauhar),police,,,24.923289,67.1474984
Samama Shoping Mall,Samama Shoping Mall,,mall,,24.9281526,67.1117903
City Vision,City Vision,,mall,,24.9291014,67.1140165
Khaas Meat - Mosamiat,Khaas Meat - Mosamiat,,butcher,,24.9360112,67.1376597
boys hostel NED,boys hostel NED,,,hotel,24.9315402,67.1131181
Continental Bakery,Continental Bakery,,bakery,,24.9206491,67.0865218
Mochi Mor,Mochi Mor,,,viewpoint,24.9205207,67.0865314
Hussaini Govt Boys Secondary school,Hussaini Govt Boys Secondary school,school,,,24.9121579,67.0292216
pemra,pemra,,,artwork,24.8274375,67.0272134
Shining Star School,Shining Star School,school,,,24.9379048,67.0575017
Kiran Achedemy,Kiran Achedemy,school,,,24.9378422,67.0579773
Taimuria Police Station,Taimuria Police Station,police,,,24.9378311,67.0563836
Hyderi Market Police Station,Hyderi Market Police Station,police,,,24.9376468,67.0562252
Shahnawaz Workshop,Shahnawaz Workshop,,car_repair,,24.9376556,67.056984
Sialkot Lassi,Sialkot Lassi,,beverages,,24.8806423,67.0703088
The Barber Shop,The Barber Shop,,chemist,,24.8796911,67.0871372
Saint Patricks High School,Saint Patricks High School,school,,,24.8626109,67.0344266
Sattar Bukhsh,Sattar Bukhsh,cafe,,,24.8095658,67.0316976
Peshawari Chapli Kabab,Peshawari Chapli Kabab,restaurant,,,24.8853352,67.1401332
Chase,Chase,,supermarket,,24.877619,67.0687601
Meezan bank,Meezan bank,bank,,,24.7813424,67.0571428
Gole Market Jama,Gole Market Jama,place_of_worship,,,24.9143911,67.0235315
Jinnah Sindh Medical University,Jinnah Sindh Medical University,university,,,24.8509513,67.0454223
Oommen rose garden,Oommen rose garden,,,hostel,24.8743876,67.0463015
Aliabad Jamatkhana,Aliabad Jamatkhana,community_centre,,,24.9210522,67.0641943
Qabail Masjid/ Qabail Colony,Qabail Masjid/ Qabail Colony,community_centre,,,24.9383308,67.06097
Al Rayyan Hotel,Al Rayyan Hotel,,,hotel,24.8586305,67.02409
High-Q Pharmacy,High-Q Pharmacy,pharmacy,,,24.877175,67.0944634
Nanak Wada,Nanak Wada,,supermarket,,24.8574901,67.0062963
Usama Chicken,Usama Chicken,hunting_stand,,,24.9110767,67.124399
I4U,I4U,,electronics,,24.9184005,67.0908533
Jamia Masjid Madina,Jamia Masjid Madina,place_of_worship,,,24.9473206,67.04809
Pakistan State Oil,پاکستان اسٹیٹ آئل,fuel,,,24.9476186,67.0511781
Zia uddin Hospital (OPD),Zia uddin Hospital (OPD),hospital,,,24.9243463,67.0469145
Azeem Public School,Azeem Public School,school,,,24.9307368,67.0378233
SSUET Parking,SSUET Parking,parking_space,,,24.9163492,67.0935375
Soomra PaTex,Soomra PaTex,,furniture,,24.8669417,67.0107579
Taj Banquet,Taj Banquet,community_centre,,,24.9285722,67.034397
Babar CNG,Babar CNG,fuel,,,24.9417365,67.0350556
Police Station Shahrah e Noor Jahan,Police Station Shahrah e Noor Jahan,police,,,24.9424363,67.0351801
Samba bank- Tauheed Commercial,Samba bank- Tauheed Commercial,bank,,,24.8069721,67.0384182
Nimco,Nimco,,bakery,,24.8271275,67.0361002
MCB bank,MCB bank,bank,,,24.8494436,66.9883547
Bank al Habib,Bank al Habib,bank,,,24.7927141,67.0680187
Shell,شیل,fuel,,,24.8295907,67.052452
United Bank Limited,یونائیٹڈ بینک لمیٹڈ,bank,,,24.8162153,67.0211255
Red Riding Hood Bakery Badar,Red Riding Hood Bakery Badar,,bakery,,24.8008009,67.0460887
Subway,سب وے,fast_food,,,24.7961255,67.045213
Kentucky Fried Chicken,کینٹکی فرائیڈ چکن,fast_food,,,24.7998917,67.0472312
MCB Bank,ایم سی بی بینک,bank,,,24.8005521,67.0464085
Chase up,Chase up,,convenience,,24.8050945,67.0265294
Daily dubai resturant,Daily dubai resturant,restaurant,,,24.7971902,67.0443407
Pizza Hut,پیزا ہٹ,fast_food,,,24.7963713,67.0448818
Summit bank,Summit bank,bank,,,24.7980067,67.0453316
Bank Al Habib,بينک الحبيب,bank,,,24.8005958,67.0463398
Samba bank,Samba bank,bank,,,24.7968232,67.0510806
Standard Chartered,اسٹینڈرڈ چارٹرڈ,bank,,,24.8071094,67.0381844
Askari bank,Askari bank,bank,,,24.8494073,66.987562
DHA Masjid,ڈی ایچ اے مسجد,place_of_worship,,,24.7857286,67.0667689
BankIslami,بینک اسلامی,bank,,,24.8494305,66.9881192
Meezan bank,Meezan bank,bank,,,24.7863348,67.0575124
Marvi sweets and bakers,Marvi sweets and bakers,,bakery,,24.7966466,67.0451444
Dhaba,ڈھابہ,cafe,,,24.7802032,67.0550618
Port Grand,Port Grand,,,attraction,24.8444411,66.9921908
Taj Medical Center,Taj Medical Center,hospital,,,24.9252601,67.0914869
Golimar Market,Golimar Market,,hardware,,24.9011071,67.0304545
China Castle - Bahadurabad,China Castle - Bahadurabad,restaurant,,,24.8837861,67.064997
Bank AL Habib,Bank AL Habib,atm,,,24.9425924,67.0715406
shayan e sheereen,shayan e sheereen,,bakery,,24.9221589,67.1032411
Afghan Bukhari Restaurant,افغان بخاری ریستوران,restaurant,,,24.8231505,66.9787094
used garments,used garments,,clothes,,24.8566523,67.008381
United Bank Limited,یونائیٹڈ بینک لمیٹڈ,bank,,,24.8229961,66.9785697
Askari bank,Askari bank,bank,,,24.8508495,67.017451
Habib Metro Islamic Bank- I.I.Chundrigar,Habib Metro Islamic Bank- I.I.Chundrigar,bank,,,24.8506337,67.017628
Allied bank,Allied bank,bank,,,24.8507727,67.0167898
United Bank Limited,یونائیٹڈ بینک لمیٹڈ,bank,,,24.8495506,66.9897404
Bank Alfalah,بینک الفلاح,bank,,,24.8576313,67.0275976
UBL - Clifton 4,UBL - Clifton 4,bank,,,24.8026937,67.0309886
Muslim Commercial Bank,Muslim Commercial Bank,bank,,,24.8577419,67.0275222
shakoor & co,shakoor & co,,outdoor,,24.9032641,66.9768186
MCB Bank,ایم سی بی بینک,bank,,,24.8604758,67.0276455
Shell Petrol Pump & Service Station,Shell Petrol Pump & Service Station,fuel,,,24.8484866,67.0220011
Silkbank,Silkbank,bank,,,24.8634211,67.0247774
Bank al habib,Bank al habib,bank,,,24.8603289,67.0274632
Pakistan Post,Pakistan Post,post_office,,,24.8598823,67.0265322
Askari Bank,عسکری بینک,bank,,,24.8634136,67.0245601
Meezan Bank,میزان بینک,bank,,,24.8582455,67.0296248
Shell,شیل,fuel,,,24.8455567,66.9967964
Total,ٹوٹل,fuel,,,24.8415811,67.1332299
Shaukat Khanum Memorial Cancer Hospital-Phase 7,Shaukat Khanum Memorial Cancer Hospital-Phase 7,hospital,,,24.8253838,67.0771614
Services Mess Navy,Services Mess Navy,,,guest_house,24.851222,67.0305037
Gandhara Nissan,Gandhara Nissan,,car,,24.8145231,67.0292224
Madina Masjid,Madina Masjid,community_centre,,,24.8851936,67.0832984
Adbul Kids University,Adbul Kids University,university,,,24.8795828,67.1466366
Karachi Kids University,Karachi Kids University,university,,,24.8793111,67.1417513
Usman Grammar School,Usman Grammar School,school,,,24.8767705,67.1381434
Sir Syed School,Sir Syed School,school,,,24.8849292,67.1321762
Iqra Computer Training Trust,Iqra Computer Training Trust,university,,,24.8825088,67.1407445
Food Finder,Food Finder,fast_food,,,24.9381026,67.1484225
National Food,National Food,fast_food,,,24.910717,66.9755315
Diamond Jewellers.,Diamond Jewellers.,,jewelry,,24.8275971,67.0380676
Diamond Jewellers.,Diamond Jewellers.,,jewelry,,24.8564425,67.0281052
Kababjees,Kababjees,restaurant,,,24.883502,67.060199
Akhtar Eye Hospital,Akhtar Eye Hospital,hospital,,,24.9225212,67.0922155
Programmers Girls School,Programmers Girls School,school,,,24.9212275,67.0927407
Baji Jan Pakwan,Baji Jan Pakwan,restaurant,,,24.9219465,67.0924821
Hayaat ul Islam,Hayaat ul Islam,place_of_worship,,,24.9183082,67.094928
Sadiqain Hall,Sadiqain Hall,community_centre,,,24.9180122,67.096202
Mami Home,مامی ہوم,,,guest_house,24.8945614,67.0164599
Masjid Akhiyar,Masjid Akhiyar,place_of_worship,,,24.9120972,67.0898547
Medhi Manji Lab,Medhi Manji Lab,pharmacy,,,24.9235867,67.0901395
Al Nisa Flower,Al Nisa Flower,community_centre,,,24.9244067,67.0920769
Bank Al Habib,بينک الحبيب,bank,,,24.9239767,67.092332
Meezan Bank,میزان بینک,bank,,,24.9238206,67.0924634
National Bank,National Bank,bank,,,24.9236606,67.0926071
Bank Dubai Islami,Bank Dubai Islami,bank,,,24.9232366,67.0928832
Total,ٹوٹل,fuel,,,24.9203678,67.0996706
Sindh Bank,سندھ بینک,bank,,,24.9234372,67.0919997
Habib Metro Bank,Habib Metro Bank,bank,,,24.9213858,67.0936929
Imam ibn Timia,Imam ibn Timia,place_of_worship,,,24.9208519,67.0994721
CNG Station,CNG Station,fuel,,,24.9255964,67.0909384
Aamna,Aamna,place_of_worship,,,24.9174492,67.0906679
Al Nasar,Al Nasar,,medical_supply,,24.922205,67.0884281
United Bank Limited,یونائیٹڈ بینک لمیٹڈ,bank,,,24.922433,67.0887393
Meezan Bank Gulshan Block-2 Branch,Meezan Bank Gulshan Block-2 Branch,bank,,,24.9226624,67.0890468
MCB Gulshan Chowrangi Branch,MCB Gulshan Chowrangi Branch,bank,,,24.9228216,67.0892741
Ashraf Al Madaris,Ashraf Al Madaris,place_of_worship,,,24.9229969,67.0886187
KDA Market,KDA Market,,supermarket,,24.9267958,67.0944384
Trinity Girls College,Trinity Girls College,college,,,24.8522297,67.0245585
DGTR,DGTR,,,guest_house,24.846669,66.9923923
PAF Hospital Faisal,PAF Hospital Faisal,clinic,,,24.8901597,67.1159743
Sultan Majid,Sultan Majid,place_of_worship,,,24.9056232,67.1184028
Orchid Lawn,Orchid Lawn,community_centre,,,24.9191423,67.0723404
Haroon CNG & Car Workshop,Haroon CNG & Car Workshop,,car_repair,,24.8596962,67.0472425
bashee hm,bashee hm,,butcher,,24.7973601,67.0587862
Qadri Pan Shop,Qadri Pan Shop,,pan,,24.8603006,67.0137888
KNS School of Business Studies,KNS School of Business Studies,school,,,24.8810025,67.0647664
Dr. Asad,Dr. Asad,doctors,,,24.8241878,67.0331436
Darussalam Publishers,Darussalam Publishers,,books,,24.8776178,67.0633884
shar shah kabari bazar engine,shar shah kabari bazar engine,,car_parts,,24.8830591,66.9965339
Attock Petrol Pump,Attock Petrol Pump,fuel,,,24.8870175,67.1439626
green city hotel,green city hotel,,,hotel,24.8592656,67.0259012
Ghufran Masjid,Ghufran Masjid,place_of_worship,,,24.9341741,67.0813034
Imroz Press,Imroz Press,community_centre,,,24.8521342,67.0155961
Tahir Avenue,Tahir Avenue,community_centre,,,24.8520348,67.0156266
The Smart School,The Smart School,school,,,24.909998,67.115869
"Civil hospital, Karachi","Civil hospital, Karachi",hospital,,,24.8594455,67.0116782
NIBD Hospital,NIBD Hospital,hospital,,,24.8976232,67.0783887
SHAZZ super market,SHAZZ super market,,supermarket,,24.8972931,67.0790983
Impressive computer academy,Impressive computer academy,school,,,24.9333127,67.1326355
ahmed ka rent wala ghar,ahmed ka rent wala ghar,hunting_stand,,,24.9067103,67.0723649
Muneeba View Apartment,Muneeba View Apartment,,,apartment,24.9072024,67.0710915
burns road,burns road,fast_food,,,24.8568754,67.0168321
Petiwala Tajraan Kutub,Petiwala Tajraan Kutub,,books,,24.854303,67.0133004
Hardware Market,ہارڈ ویئر مارکیٹ,,supermarket,,24.8624693,67.0141657
Imtiaz Supermarket Qayyumabad,Imtiaz Supermarket Qayyumabad,,supermarket,,24.8310814,67.0802962
Dow International Medical College,Dow International Medical College,college,,,24.9445105,67.1387174
Electronic market,Electronic market,,supermarket,,24.8598967,67.0250374
Askari Banquet & Lawns,Askari Banquet & Lawns,community_centre,,,24.8926485,67.0628249
Techno city,Techno city,,mall,,24.8505797,67.007712
Mak Coaching,Mak Coaching,school,,,24.9353012,67.0541305
CNG Station,CNG Station,fuel,,,24.9356418,67.0543537
Hashmat Memorial School,Hashmat Memorial School,school,,,24.9366858,67.1037768
Jama Masjid Abu Al-Alai,Jama Masjid Abu Al-Alai,place_of_worship,,,24.9381294,67.1050095
Al Arabia,Al Arabia,place_of_worship,,,24.940037,67.1023012
sm public academy,sm public academy,school,,,24.9391749,67.101345
Merit n Merit,Merit n Merit,school,,,24.9380454,67.1022312
Vikor enterprises (pvt) ltd.,Vikor enterprises (pvt) ltd.,,,artwork,24.8873754,66.9716123
Tea Spot,Tea Spot,cafe,,,24.949777,67.0503533
Nani House,Nani House,,,guest_house,24.8347149,67.1486661
Super Fire Works,Super Fire Works,,toys,,24.8676476,67.0297828
Carnation banquet Hall,Carnation banquet Hall,community_centre,,,24.8653983,67.07933
Sage banquet Hall,Sage banquet Hall,community_centre,,,24.8654997,67.0795962
Cafe Pyala,Cafe Pyala,pub,,,24.9457368,67.0677358
Virtual University Of Pakistan,Virtual University Of Pakistan,school,,,24.9415205,67.0458485
Gohar Pride,Gohar Pride,,,artwork,24.9207484,67.1332806
Total,ٹوٹل,fuel,,,24.8786376,67.022407
Pakistan Post Office,Pakistan Post Office,post_office,,,24.8787848,67.0225934
Platinium Jamat Khana,Platinium Jamat Khana,place_of_worship,,,24.8845256,67.0260792
Gole Market,Gole Market,,supermarket,,24.9145251,67.0242732
Filli Tea cafe,Filli Tea cafe,cafe,,,24.8112003,67.0173907
Faysal Bank Clifton Block 2,Faysal Bank Clifton Block 2,bank,,,24.8112773,67.0171841
Habib Metropolitian Bank,Habib Metropolitian Bank,bank,,,24.8112572,67.0172899
Dubai Islamic Bank,دبئی اسلامی بینک,bank,,,24.8105834,67.0180544
Bank Alfalah,بینک الفلاح,bank,,,24.8106299,67.0180759
NIB,NIB,bank,,,24.8108233,67.0181551
China Town Resturant,China Town Resturant,restaurant,,,24.8108892,67.0180925
Dua Resturant,Dua Resturant,restaurant,,,24.8101359,67.0176332
Bolan Resturant,Bolan Resturant,restaurant,,,24.8099367,67.0185689
Jade Garden Resturant,Jade Garden Resturant,restaurant,,,24.8120472,67.016747
Karachi Broast,Karachi Broast,fast_food,,,24.8118216,67.0172906
Shell Express,Shell Express,fuel,,,24.8157667,67.0187935
Koyla Cafe,Koyla Cafe,cafe,,,24.8159652,67.018168
Anjarwala Bakers,Anjarwala Bakers,,bakery,,24.8146493,67.0209243
Liberty Book Store,Liberty Book Store,,books,,24.8157006,67.0215569
BMI Physio,BMI Physio,doctors,,,24.8179543,67.0232691
Red Apple,Red Apple,fast_food,,,24.8116171,67.0184787
MCB Bank,ایم سی بی بینک,bank,,,24.8146725,67.0198198
Park Towers Food Court,Park Towers Food Court,food_court,,,24.8142489,67.0276502
Zubaida Kids Store,Zubaida Kids Store,,clothes,,24.8212357,67.0346819
Pizza Hut,Pizza Hut,restaurant,,,24.8178494,67.0396574
New York Coffee,New York Coffee,cafe,,,24.8177641,67.0399202
Buttlers Chocolate Cafe,Buttlers Chocolate Cafe,cafe,,,24.8171446,67.041009
Ami Supermarket,Ami Supermarket,,supermarket,,24.8137847,67.0486284
Meat One,Meat One,,butcher,,24.8135285,67.048231
Dubai Islamic Bank,دبئی اسلامی بینک,bank,,,24.8283035,67.0341218
United Bank Limited,یونائیٹڈ بینک لمیٹڈ,bank,,,24.8268362,67.0346718
Food Center Clifton,Food Center Clifton,restaurant,,,24.8264257,67.0343934
Filli Tea Cafe,Filli Tea Cafe,cafe,,,24.827021,67.0355524
Dunkin',Dunkin',fast_food,,,24.8274432,67.0359542
Nando,Nando,restaurant,,,24.8272933,67.0244863
Shell Express,Shell Express,fuel,,,24.8303343,67.0346524
Dubai Islamic Bank,دبئی اسلامی بینک,bank,,,24.8080857,67.036603
Pakistan State Oil - Tauheed Commercial,Pakistan State Oil - Tauheed Commercial,fuel,,,24.8079508,67.0368399
Movenpick Ice-cream Parl,Movenpick Ice-cream Parl,ice_cream,,,24.8063725,67.0393296
Ideal Bakers,Ideal Bakers,,bakery,,24.8062887,67.0394741
Parklane Hospital,Parklane Hospital,hospital,,,24.8167004,67.0314159
Parklane Pharmacy,Parklane Pharmacy,pharmacy,,,24.8167846,67.0312906
Car Deals,Car Deals,,car,,24.8255389,67.034896
Bata,Bata,,shoes,,24.8269105,67.0352501
Service shoes,Service shoes,,shoes,,24.8266818,67.0352921
The Palm,The Palm,community_centre,,,24.8044875,67.0279319
Afridi Inn- Clifton 4,Afridi Inn- Clifton 4,restaurant,,,24.8032546,67.0302029
Seaview Hotel,Seaview Hotel,,,hotel,24.8026402,67.0310723
Paramount Resturant,Paramount Resturant,restaurant,,,24.801174,67.0365253
Cafe Clifton Tea,Cafe Clifton Tea,cafe,,,24.8015532,67.0368867
California Pizza Kitchen,California Pizza Kitchen,restaurant,,,24.8018958,67.037204
MCB Tower,MCB Tower,bank,,,24.8500137,67.0089467
Uni Plaza,Uni Plaza,,mall,,24.8501417,67.0077676
State Bank of Pakistan,State Bank of Pakistan,bank,,,24.8488457,66.9995595
Bank Alfalah,بینک الفلاح,bank,,,24.8488603,67.0001302
National Bank of Pakistan - I.I. Chundrigar Road,National Bank of Pakistan - I.I. Chundrigar Road,bank,,,24.8491817,67.0025148
Pakistan Post,Pakistan Post,post_office,,,24.8503712,67.0127994
Al-Falah,Al-Falah,bank,,,24.8122761,67.0187786
Askari Bank,عسکری بینک,bank,,,24.8119598,67.0169816
Saleeqa Houseware Store,Saleeqa Houseware Store,,houseware,,24.8120401,67.0184215
Cafe Aylanto- Clifton 4,Cafe Aylanto- Clifton 4,restaurant,,,24.8040843,67.0312146
Xanders- Clifton 4,Xanders- Clifton 4,restaurant,,,24.8037548,67.032638
Cafe E Street,Cafe E Street,restaurant,,,24.8074221,67.0347031
Cafe Flo,Cafe Flo,restaurant,,,24.8071438,67.0339346
Head Start School,Head Start School,school,,,24.8091142,67.0347103
Karachi Preschool,Karachi Preschool,kindergarten,,,24.8072924,67.0340256
Zamzama Mall,Zamzama Mall,,mall,,24.8173049,67.0400288
Domino's,Domino's,fast_food,,,24.8172067,67.0403439
Soneri Bank- Zamzama,Soneri Bank- Zamzama,bank,,,24.8172356,67.0402511
Nawab Mughlai Resturant- Zamzama,Nawab Mughlai Resturant- Zamzama,restaurant,,,24.8169575,67.043131
Pantry- Zamzama,Pantry- Zamzama,restaurant,,,24.8182979,67.0394426
Government Girls Degree College,Government Girls Degree College,college,,,24.8159583,67.0397454
Dynasty Event Hall,Dynasty Event Hall,community_centre,,,24.8243199,67.0354584
Arabian Nights,Arabian Nights,restaurant,,,24.825779,67.0341481
Hush Puppies,Hush Puppies,,shoes,,24.8267967,67.0352727
MCB,MCB,bank,,,24.8270901,67.0356195
Chase,Chase,,department_store,,24.8275166,67.0366074
Askari Bank,Askari Bank,bank,,,24.8262847,67.0354311
Damascus,Damascus,restaurant,,,24.8259611,67.0359318
Bayview Junior School,Bayview Junior School,school,,,24.8245438,67.0373332
The Educators School,The Educators School,school,,,24.8253664,67.0414834
Playland amusement park,Playland amusement park,,,theme_park,24.8104302,67.02911
Bank Islami- Zamzama,Bank Islami- Zamzama,bank,,,24.8162933,67.0424604
ChatterBox Cafe- Zamzama,ChatterBox Cafe- Zamzama,cafe,,,24.8172801,67.0422971
United Bank Limited,یونائیٹڈ بینک لمیٹڈ,bank,,,24.807879,67.0373471
Abdul Aziz Masjid,Abdul Aziz Masjid,place_of_worship,,,24.8120226,67.0503149
Paras Art Shop,Paras Art Shop,,art,,24.8133804,67.0516485
Pizza Point,Pizza Point,fast_food,,,24.8144018,67.0490736
Rahat Milk Cornor,Rahat Milk Cornor,,dairy,,24.8141275,67.0489281
Habib Metro Bank,Habib Metro Bank,bank,,,24.813945,67.048679
Bank Al Habib,بينک الحبيب,bank,,,24.8133934,67.048187
Hot n Spicy,Hot n Spicy,fast_food,,,24.813607,67.0492136
Siam Express,Siam Express,restaurant,,,24.8118469,67.0501712
La Farina Bakers,La Farina Bakers,,bakery,,24.8117695,67.0500999
Agha Juice,Agha Juice,fast_food,,,24.8123479,67.0506747
Faysal Bank,فیصل بینک,bank,,,24.8128315,67.0510146
Bank Alfalah,بینک الفلاح,bank,,,24.8131145,67.0513212
Lals Patisserie,Lals Patisserie,cafe,,,24.8081908,67.0615442
Bella Vita,Bella Vita,restaurant,,,24.8076277,67.0610049
United Bank Limited,یونائیٹڈ بینک لمیٹڈ,bank,,,24.8077149,67.0622328
Ginsoy,Ginsoy,restaurant,,,24.8075036,67.0608835
Meatone,Meatone,,butcher,,24.8076388,67.0621787
Meezan Bank,Meezan Bank,bank,,,24.8003394,67.0573124
Caltex Pump,Caltex Pump,fuel,,,24.8580962,67.0489059
Restaurant Ka Mazza Lain,ریسٹورنٹ کا مزہ لیں,restaurant,,,24.7857163,67.0909581
Samba Bank,Samba Bank,bank,,,24.8449809,66.997046
Allied Bank Limited,الائیڈ بینک لمیٹڈ,bank,,,24.8447629,66.9969897
Pakistan State Oil,پاکستان اسٹیٹ آئل,fuel,,,24.857058,67.0433194
Dunkin Donuts,ڈنکن ڈونٹس,fast_food,,,24.8103886,67.0701985
Hunza Cafe,Hunza Cafe,cafe,,,24.8424221,67.0023801
Soneri Bank Bharia Complex 3,Soneri Bank Bharia Complex 3,bank,,,24.8439472,67.0030269
Arshi Shopping Centre,Arshi Shopping Centre,,mall,,24.9287496,67.0661786
Summit Bank ATM,Summit Bank ATM,atm,,,24.8425355,67.0030548
KPT Guest House,KPT Guest House,,,guest_house,24.8418527,67.0012495
Nehams Fastfood,Nehams Fastfood,fast_food,,,24.8439015,66.9961529
Meezan Bank P.N.S.C Branch,Meezan Bank P.N.S.C Branch,bank,,,24.8447261,66.9949673
NIB,NIB,bank,,,24.8441224,66.9930435
Karoke Studio -Port Grand,Karoke Studio -Port Grand,bar,,,24.8441719,66.9906
European Restaurant -Port Grand,European Restaurant -Port Grand,restaurant,,,24.8429211,66.9898616
Gaffar Kabob House -Port Grand,Gaffar Kabob House -Port Grand,restaurant,,,24.8430519,66.9899207
Bay Side Food Court -Port Grand,Bay Side Food Court -Port Grand,restaurant,,,24.8426208,66.989649
Grand Pier -Port Grand,Grand Pier -Port Grand,restaurant,,,24.8423797,66.9895082
Chai Shai -Port Grand,Chai Shai -Port Grand,cafe,,,24.8420632,66.9893064
Pakistan State Oil,پاکستان اسٹیٹ آئل,fuel,,,24.8532083,66.9942776
Aga Khan School Kharadar,Aga Khan School Kharadar,school,,,24.8540859,66.996117
Meezan Bank,میزان بینک,bank,,,24.8513851,66.9980728
National Bank of Pakistan,نیشنل بینک آف پاکستان,bank,,,24.8516614,66.998211
Faysal Bank Cloth Market Branch,Faysal Bank Cloth Market Branch,bank,,,24.8515494,66.9982874
Bank AlHabib Cloth Market Branch,Bank AlHabib Cloth Market Branch,bank,,,24.8515383,66.9986374
Bank Alfallah Cloth Market Branch,Bank Alfallah Cloth Market Branch,bank,,,24.8507282,66.9981667
Yaadgar Fried Fish,Yaadgar Fried Fish,fast_food,,,24.886001,67.0507366
Usmania Hospital,Usmania Hospital,hospital,,,24.8868015,67.0533003
CNG,سی این جی,fuel,,,24.8839583,67.0481018
Pakistan State Oil,پاکستان اسٹیٹ آئل,fuel,,,24.9025116,67.030855
Pakistan State Oil,پاکستان اسٹیٹ آئل,fuel,,,24.9020647,67.0292754
PSO Car Wash,PSO Car Wash,car_wash,,,24.9024193,67.0307007
PSO Car Wash,PSO Car Wash,car_wash,,,24.9021416,67.0295318
Bata Shoe store,Bata Shoe store,,shoes,,24.8993958,67.0302643
Service Shoes,Service Shoes,,shoes,,24.8994887,67.0302455
United Bank Limited,یونائیٹڈ بینک لمیٹڈ,bank,,,24.8999054,67.0305725
Faysal Bank,فیصل بینک,bank,,,24.8956532,67.0304606
Wazeer Patti Wala,Wazeer Patti Wala,clinic,,,24.8927191,67.0309852
Bank Al Habib,بينک الحبيب,bank,,,24.892013,67.031055
National Bank,National Bank,bank,,,24.9021496,67.0298852
Shell,شیل,fuel,,,24.9062772,67.0312699
Ryan CNG Station,Ryan CNG Station,fuel,,,24.9184086,67.0320539
Karachi X-ray,Karachi X-ray,clinic,,,24.9195806,67.0310217
Pakistan State Oil,پاکستان اسٹیٹ آئل,fuel,,,24.9249763,67.0311288
PSO Car Wash,PSO Car Wash,car_wash,,,24.9251554,67.0309469
Dil Pasand,Dil Pasand,,confectionery,,24.9261656,67.032188
Meat One,Meat One,,butcher,,24.9265844,67.0326626
Bata Shoe Store,Bata Shoe Store,,shoes,,24.9266418,67.0327114
Quaid e Azam Rangers Public School & College,Quaid e Azam Rangers Public School & College,school,,,24.9297508,67.0309361
Safi Hospital,Safi Hospital,hospital,,,24.9314545,67.0383043
Pakistan State Oil,پاکستان اسٹیٹ آئل,fuel,,,24.9407335,67.0012119
PSO Car Wash,PSO Car Wash,car_wash,,,24.9409688,67.0014068
Post Office,Post Office,post_office,,,24.9452985,67.0042043
Qadri Fast Food,Qadri Fast Food,fast_food,,,24.8520058,66.9989674
HabibMetro Bank,HabibMetro Bank,bank,,,24.8525871,67.000224
Sarafa Bazar,Sarafa Bazar,marketplace,,,24.8537151,67.001376
"Askari Bank Limited, Jodia Bazar Branch.","Askari Bank Limited, Jodia Bazar Branch.",bank,,,24.8534537,67.0010239
JS Bank,جے ایس بینک,bank,,,24.8538142,67.0022323
MCB Bank,ایم سی بی بینک,bank,,,24.8542835,67.0025314
Joria Bazar,Joria Bazar,marketplace,,,24.8549981,67.0030725
NIB,NIB,bank,,,24.8550572,67.001832
BankIslami,بینک اسلامی,bank,,,24.8551755,67.0022866
Summit Bank,سمٹ بینک,bank,,,24.8553931,67.0017823
Saudi Pak Bank,Saudi Pak Bank,bank,,,24.8547454,67.0019312
Soneri Bank Limited,Soneri Bank Limited,bank,,,24.8547853,67.0015517
Meezan bank,Meezan bank,bank,,,24.8553862,67.0010112
Muhammadi,Muhammadi,place_of_worship,,,24.8537966,66.9992745
Rangoli Resturant,Rangoli Resturant,restaurant,,,24.8873818,67.0895458
Kundan Broast,Kundan Broast,fast_food,,,24.8830176,67.0903745
Merath Kebabs,Merath Kebabs,restaurant,,,24.8830479,67.0903475
Caltex Petrol Pump,Caltex Petrol Pump,fuel,,,24.8886951,67.0607136
New Town Police Station,New Town Police Station,police,,,24.8888121,67.0604742
Pakistan State Oil,پاکستان اسٹیٹ آئل,fuel,,,24.8913416,67.0807186
McDonald's,مکڈونلڈز,fast_food,,,24.8914386,67.0809496
Time Medico,Time Medico,pharmacy,,,24.8914884,67.0811189
Kagzi Bazar,Kagzi Bazar,marketplace,,,24.8542496,66.9992624
New Quetta al-Hafiz Restaurant,New Quetta al-Hafiz Restaurant,restaurant,,,24.8487612,66.9954154
Allied Bank Limited,الائیڈ بینک لمیٹڈ,bank,,,24.8488621,66.9959043
Allied Bank ATM,Allied Bank ATM,atm,,,24.8486723,66.9959767
Zubaida Medical Hospital,Zubaida Medical Hospital,hospital,,,24.883327,67.0822341
Chase Up Jail Chowrangi Branch,Chase Up Jail Chowrangi Branch,,supermarket,,24.8843596,67.0569033
Pakistan State Oil,پاکستان اسٹیٹ آئل,fuel,,,24.8839938,67.0554236
PSO Car Wash,PSO Car Wash,car_wash,,,24.8839321,67.0553211
Medicare Cardiac & General Hospital,Medicare Cardiac & General Hospital,hospital,,,24.8809599,67.0635735
Pakistan State Oil,پاکستان اسٹیٹ آئل,fuel,,,24.8732359,67.0486796
CNG,سی این جی,fuel,,,24.8882558,67.0317882
Allah Wali,Allah Wali,place_of_worship,,,24.8887721,67.0316214
Noman,Noman,place_of_worship,,,24.8874509,67.0335238
Mr Burger,Mr Burger,fast_food,,,24.9015136,67.0291531
Bank Al Habib,بينک الحبيب,bank,,,24.9014661,67.0294056
Fancy Lawn,Fancy Lawn,community_centre,,,24.9019465,67.0260362
Lamcy Lawn,Lamcy Lawn,community_centre,,,24.901984,67.025747
Mini Market,Mini Market,,convenience,,24.9008417,67.030113
Pakistan State Oil,پاکستان اسٹیٹ آئل,fuel,,,24.9036076,67.0171315
Bank Al Habib,بينک الحبيب,bank,,,24.903108,67.0177761
Honda Site,Honda Site,,car,,24.9067884,67.0158159
Pakistan State Oil,پاکستان اسٹیٹ آئل,fuel,,,24.9117913,67.0140423
METRO Supermarket,METRO Supermarket,,supermarket,,24.9197091,67.0149476
Byco Petrol Station and CNG,Byco Petrol Station and CNG,fuel,,,24.9190239,67.0142883
Toyota Clifton Motors,Toyota Clifton Motors,,car,,24.809871,67.033222
Pakistan State Oil,پاکستان اسٹیٹ آئل,fuel,,,24.8657451,67.0802111
Honda Defence,Honda Defence,,car,,24.8312646,67.0809597
Al Arab Shawarma,Al Arab Shawarma,fast_food,,,24.8838022,67.0649733
Honda Drive In Showroom,Honda Drive In Showroom,,car,,24.9033585,67.1140588
Hina Garden,Hina Garden,,,apartment,24.9035688,67.1148334
Lasania Resturant,Lasania Resturant,restaurant,,,24.9076307,67.1093462
Drive-In Wedding Hall,Drive-In Wedding Hall,community_centre,,,24.9019348,67.1114043
Total,ٹوٹل,fuel,,,24.8205224,67.0338808
Shell Convenience Store,Shell Convenience Store,,convenience,,24.8294707,67.0525103
Shell Car Wash,Shell Car Wash,car_wash,,,24.8296406,67.0527261
BankIslami,BankIslami,bank,,,24.8642374,67.0762716
Summit Bank,سمٹ بینک,bank,,,24.8654931,67.0773793
Bank of Khyber,Bank of Khyber,bank,,,24.8659287,67.0787016
Mirch Masala,Mirch Masala,restaurant,,,24.8659465,67.0808729
Habib Metro,Habib Metro,bank,,,24.8661648,67.0794321
Silkbank,Silkbank,bank,,,24.8658622,67.0805515
Shell Car Care,Shell Car Care,car_wash,,,24.8658268,67.0777975
National Saving Centre,National Saving Centre,bank,,,24.8670318,67.0813852
United Bank Limited,یونائیٹڈ بینک لمیٹڈ,bank,,,24.8671097,67.0819109
Tameer Microfinance Bank - Head Office,Tameer Microfinance Bank - Head Office,bank,,,24.8674176,67.0813729
National Bank of Pakistan,نیشنل بینک آف پاکستان,bank,,,24.8672108,67.0823225
Siddiq Mosque,Siddiq Mosque,place_of_worship,,,24.8666863,67.0838931
Baloch Hotel,Baloch Hotel,,,hotel,24.8668602,67.0837133
HBL Pakistan,ایچ بی ایل پاکستان,bank,,,24.8676851,67.0833138
Preston University,Preston University,university,,,24.8678908,67.0851644
Honda Shahrah e Faisal,Honda Shahrah e Faisal,,car,,24.8681391,67.0855453
BMW Charging Station,BMW Charging Station,charging_station,,,24.8689756,67.0869656
Blue Moon Banquet,Blue Moon Banquet,community_centre,,,24.8694116,67.0877512
Carachi Motors Suzuki,Carachi Motors Suzuki,,car,,24.8696453,67.0880767
Toyota Central Motors,Toyota Central Motors,,car,,24.8701057,67.0888007
National Bank of Pakistan,نیشنل بینک آف پاکستان,bank,,,24.8707234,67.090038
City Center Shopping Mall,City Center Shopping Mall,,mall,,24.8712183,67.090615
NIB,NIB,bank,,,24.8707022,67.0902906
Majistic Banquet Hall,Majistic Banquet Hall,community_centre,,,24.8723002,67.0911238
Chaupal Restaurant,Chaupal Restaurant,restaurant,,,24.8745668,67.0943188
Rosati Bistro,Rosati Bistro,restaurant,,,24.8747907,67.0946917
Block 2 old Market,Block 2 old Market,marketplace,,,24.8770549,67.1009318
Jama Masjid Diyar E Habib,Jama Masjid Diyar E Habib,place_of_worship,,,24.8773396,67.10201
Shell,شیل,fuel,,,24.8805185,67.1088418
Bakri Petrol Station,Bakri Petrol Station,fuel,,,24.8807124,67.1102746
Total,ٹوٹل,fuel,,,24.8809825,67.1107039
HBL ATM,HBL ATM,atm,,,24.8808676,67.1108707
Faw Apollo Motors,Faw Apollo Motors,,car,,24.8810671,67.1112167
Suzuki Motors,Suzuki Motors,,car,,24.8816578,67.1119002
Pakistan State Oil,پاکستان اسٹیٹ آئل,fuel,,,24.8822543,67.1129113
HBL Pakistan,ایچ بی ایل پاکستان,bank,,,24.8822689,67.1133115
Sigma Motors Limited,Sigma Motors Limited,,car,,24.8827774,67.1138061
Hascol 1 Petrol Station,Hascol 1 Petrol Station,fuel,,,24.8828314,67.1140279
Summit Bank ATM,Summit Bank ATM,atm,,,24.8826388,67.1143174
Pakistan Post Office,Pakistan Post Office,post_office,,,24.8840853,67.1165881
Shell Petrol Station - Drigh Road,Shell Petrol Station - Drigh Road,fuel,,,24.885992,67.1221373
Jamia Masjid,جامع مسجد,place_of_worship,,,24.8872985,67.1271946
Jamia Masjid Hanafia,جامع مسجد حنفیہ,place_of_worship,,,24.8859603,67.126905
BYCO Petrol Station,BYCO Petrol Station,fuel,,,24.8869448,67.1294196
Jamia Masjid Bilal,Jamia Masjid Bilal,place_of_worship,,,24.8862993,67.1306225
Noori Masjid,نوری مسجد,place_of_worship,,,24.8855438,67.1331374
Shri Ram Dev Shiv Santosh Mandir,شری رام دیو شیو سنتوش مندر,place_of_worship,,,24.8852895,67.1323633
Jamia Masjid Qasmia Ferozia,Jamia Masjid Qasmia Ferozia,place_of_worship,,,24.8852829,67.1377813
Natha Khan Eid Prayer Ground,Natha Khan Eid Prayer Ground,place_of_worship,,,24.8874037,67.1378236
National Saving Center,National Saving Center,bank,,,24.8839131,67.1402919
HBL Pakistan,ایچ بی ایل پاکستان,bank,,,24.8833559,67.1401148
Bank Al Habib,بينک الحبيب,bank,,,24.8830269,67.1398692
A 1 Briyani Center,A 1 Briyani Center,restaurant,,,24.8851475,67.1400027
Jamia Masjid Humza,Jamia Masjid Humza,place_of_worship,,,24.8850428,67.1401792
Dubai Islamic Bank,دبئی اسلامی بینک,bank,,,24.8854345,67.1399941
United Bank Limited,یونائیٹڈ بینک لمیٹڈ,bank,,,24.8854905,67.1398332
Total,ٹوٹل,fuel,,,24.8865708,67.142392
Sindh Bank,سندھ بینک,bank,,,24.8853202,67.1417215
Meezan Bank,میزان بینک,bank,,,24.8852383,67.1429941
Jamia Masjid Mustufa,Jamia Masjid Mustufa,place_of_worship,,,24.8858019,67.1440738
Shell,شیل,fuel,,,24.8872326,67.1450916
Pakistan State Oil,پاکستان اسٹیٹ آئل,fuel,,,24.8871224,67.1459176
Standard Chartered,اسٹینڈرڈ چارٹرڈ,atm,,,24.8871711,67.146233
Pakistan State Oil,پاکستان اسٹیٹ آئل,fuel,,,24.8866974,67.1464556
Airport Police Station,Airport Police Station,police,,,24.8871814,67.1483399
United Bank Limited,یونائیٹڈ بینک لمیٹڈ,bank,,,24.9207083,67.0950383
PIA Office,PIA Office,,travel_agency,,24.9202912,67.0946103
Allied Bank Limited,الائیڈ بینک لمیٹڈ,bank,,,24.9206453,67.094319
Mezaan Bank,Mezaan Bank,bank,,,24.9211368,67.0939053
Hobnob Bakery,Hobnob Bakery,,bakery,,24.9215239,67.0943757
Midway Hospital,Midway Hospital,hospital,,,24.9204202,67.0310582
Abbasi Shaheed Trauma Centre,Abbasi Shaheed Trauma Centre,hospital,,,24.9211529,67.0296122
PC Lawn,PC Lawn,community_centre,,,24.9238608,67.0292172
Cresent Acedemy,Cresent Acedemy,school,,,24.9251622,67.0919365
Madina tul ilm Imam Bargah,Madina tul ilm Imam Bargah,place_of_worship,,,24.9189895,67.0948048
Delux Hot N Roll,Delux Hot N Roll,fast_food,,,24.9202151,67.0955491
Arkhish Resturant,Arkhish Resturant,restaurant,,,24.9208801,67.094884
Jinnah Marriage Hall,Jinnah Marriage Hall,community_centre,,,24.9253737,67.0305047
Sabih,Sabih,place_of_worship,,,24.9257289,67.0301077
Shell,شیل,fuel,,,24.9260986,67.0310143
MCB Bank,ایم سی بی بینک,bank,,,24.9261746,67.0308466
Dip Shop,Dip Shop,ice_cream,,,24.9261399,67.0316795
Dehli Nehari House,Dehli Nehari House,restaurant,,,24.9263914,67.0324829
Fish & Chips,Fish & Chips,fast_food,,,24.926271,67.0323862
Hanif Hospital Diagnostic Centre,Hanif Hospital Diagnostic Centre,hospital,,,24.9249885,67.0332063
Asghar Hospital,Asghar Hospital,hospital,,,24.925186,67.034245
Taimuria Bakery,Taimuria Bakery,,bakery,,24.9258038,67.0339164
Al-Markaz,Al-Markaz,place_of_worship,,,24.9245413,67.0350926
Ali Murtaza,Ali Murtaza,place_of_worship,,,24.9235258,67.0337769
Dunkin Donuts,ڈنکن ڈونٹس,fast_food,,,24.9269387,67.0329501
Habib Metro Bank,Habib Metro Bank,bank,,,24.9271862,67.0331748
Meezan Bank,میزان بینک,bank,,,24.9272513,67.0332224
Bank Alfalah,بینک الفلاح,bank,,,24.9273359,67.0332773
Feroza Banquet,Feroza Banquet,community_centre,,,24.9270307,67.0342276
Meri Kong,Meri Kong,restaurant,,,24.927657,67.0329495
Subway,سب وے,fast_food,,,24.9277518,67.0331265
Kababjees,Kababjees,restaurant,,,24.9279793,67.0338749
Mehran Welfare Complex,Mehran Welfare Complex,community_centre,,,24.928186,67.0326665
Creek Inn,Creek Inn,restaurant,,,24.9284013,67.0321756
Pizza King,Pizza King,restaurant,,,24.9287831,67.0325325
Khanjee,Khanjee,restaurant,,,24.9288367,67.0326263
Sawadee,Sawadee,restaurant,,,24.9286956,67.0324654
Burger Octane,Burger Octane,fast_food,,,24.9284901,67.0321099
Sahto Lounge,Sahto Lounge,cafe,,,24.9255341,67.0920378
HBL Pakistan,ایچ بی ایل پاکستان,bank,,,24.9257076,67.0929342
Hina Medico,Hina Medico,,medical_supply,,24.926051,67.0932988
MCB Bank,ایم سی بی بینک,bank,,,24.9261058,67.0933612
Subhan Allah Stationary,Subhan Allah Stationary,,stationery,,24.9265789,67.0940179
Asif Book store,Asif Book store,,books,,24.9268766,67.094463
Delicacy Bakery,Delicacy Bakery,,bakery,,24.926968,67.0945798
Topman Shoe Store,Topman Shoe Store,,shoes,,24.9272292,67.0949263
Meat One,Meat One,,butcher,,24.9277735,67.0956716
United Bank Limited,یونائیٹڈ بینک لمیٹڈ,bank,,,24.9280694,67.0959938
Iqra Book Store,Iqra Book Store,,books,,24.9282886,67.0962819
Red Riding Hood Bakery,Red Riding Hood Bakery,,pastry,,24.9283434,67.0963302
Habib Metro Bank,Habib Metro Bank,bank,,,24.9285279,67.0965437
Sindh Sweets & Bakers,Sindh Sweets & Bakers,,bakery,,24.9286849,67.0967107
Hot n Roll,Hot n Roll,fast_food,,,24.9297065,67.0980468
Nagori Milk Shop,Nagori Milk Shop,,dairy,,24.928883,67.097065
Disco Bakery,Disco Bakery,,bakery,,24.929117,67.097339
Pizza Today,Pizza Today,fast_food,,,24.9296361,67.0978812
Red Apple,Red Apple,fast_food,,,24.9294479,67.0976968
Home Plus Supermarket,Home Plus Supermarket,,supermarket,,24.9293635,67.0975067
Greens Supermarket,Greens Supermarket,,supermarket,,24.929688,67.0979758
Bank Alfalah,بینک الفلاح,bank,,,24.9297983,67.0981118
Subway,سب وے,fast_food,,,24.929967,67.0983026
Sizzler Cafe and Grill,Sizzler Cafe and Grill,restaurant,,,24.9306638,67.099261
Soft Swirl,Soft Swirl,fast_food,,,24.9314204,67.1001201
Oh My Grill,Oh My Grill,fast_food,,,24.9313685,67.1000533
JS Bank,جے ایس بینک,bank,,,24.9315898,67.1003462
Discovery Pharmacy,Discovery Pharmacy,,supermarket,,24.9320195,67.100931
Thirsty,Thirsty,cafe,,,24.9322553,67.1012935
Dunkin Donuts,ڈنکن ڈونٹس,fast_food,,,24.9324586,67.1015487
Pie In the Sky,Pie In the Sky,,bakery,,24.9329106,67.102207
Waheed Kabab House,Waheed Kabab House,restaurant,,,24.9329452,67.1022643
ChopSoy - Gulshan e Iqbal,ChopSoy - Gulshan e Iqbal,restaurant,,,24.9330036,67.1023335
La Farine Bakery,La Farine Bakery,,bakery,,24.933194,67.1025791
Hot Bite,Hot Bite,fast_food,,,24.928763,67.031711
Hi Tea 99,Hi Tea 99,fast_food,,,24.9285659,67.0319698
14 Street Pizza,14 Street Pizza,fast_food,,,24.9280977,67.0322475
Fancy Bakery,Fancy Bakery,,bakery,,24.9283191,67.0322796
Cafe Al Mehran,Cafe Al Mehran,fast_food,,,24.9282497,67.032411
Manahil Food,Manahil Food,restaurant,,,24.9280248,67.032867
Afridi Inn,Afridi Inn,restaurant,,,24.9282291,67.0330735
Nida Fast Food Center,Nida Fast Food Center,fast_food,,,24.9283239,67.0331741
Chai Session,Chai Session,,tea,,24.9278448,67.0329932
Mini Market,Mini Market,,convenience,,24.9283891,67.033218
Pizza King,Pizza King,restaurant,,,24.9285943,67.0329425
Lab Test Clinical Laboratory,Lab Test Clinical Laboratory,clinic,,,24.9284022,67.0342363
Faisal Bank,Faisal Bank,bank,,,24.9281483,67.0351724
Paradise Commerce College,Paradise Commerce College,college,,,24.9288476,67.0358362
Lifeline Hospital,لائف لائن ہسپتال,hospital,,,24.9291492,67.0361313
Meerath Famous Kabab Paratha,Meerath Famous Kabab Paratha,restaurant,,,24.9289295,67.0347351
Dadabhouy Institute,Dadabhouy Institute,college,,,24.9298283,67.0354941
Zamin CNG Station,Zamin CNG Station,fuel,,,24.9305928,67.0362091
Splended Banquet,Splended Banquet,community_centre,,,24.9307582,67.0387035
Beaconhouse School System Primary IV - North Nazimabad,Beaconhouse School System Primary IV - North Nazimabad,school,,,24.9300869,67.038898
Suzuki North Motors,Suzuki North Motors,,car,,24.9299138,67.0392037
KDA Plant Nursery,KDA Plant Nursery,,florist,,24.9320387,67.0380705
Chase Up,Chase Up,,department_store,,24.9320419,67.0386573
Summit Bank,سمٹ بینک,bank,,,24.9339877,67.0403496
Dolman Mall Hyderi,Dolman Mall Hyderi,,mall,,24.9354357,67.0404768
Sindbad-Dolmen Mall Hyderi,Sindbad-Dolmen Mall Hyderi,,,theme_park,24.9355323,67.0405516
Hydri Police Station,Hydri Police Station,police,,,24.9375669,67.0408456
CNG Pump,CNG Pump,fuel,,,24.9262247,67.0896607
Blooming Garden,Blooming Garden,community_centre,,,24.9247654,67.0908667
Hydri Commerical Market,Hydri Commerical Market,marketplace,,,24.937714,67.0417693
Blue Ribbon Bakery,Blue Ribbon Bakery,,bakery,,24.9383017,67.0428019
Mehak Lawn,Mehak Lawn,community_centre,,,24.9259891,67.0906188
Fariya Mall,Fariya Mall,,mall,,24.9255278,67.0902785
Mumtaz Mobile Mall,Mumtaz Mobile Mall,,mall,,24.9258317,67.0900314
Nighat Palace,Nighat Palace,community_centre,,,24.9261325,67.0904916
Kulsoom Banquet,Kulsoom Banquet,community_centre,,,24.9264213,67.090226
Blessing Base Hall,Blessing Base Hall,community_centre,,,24.9265925,67.0900823
Naveed Garden,Naveed Garden,events_venue,,,24.9266695,67.08933
Delhi Kebab House,Delhi Kebab House,restaurant,,,24.927555,67.0897289
Pakistan State Oil,پاکستان اسٹیٹ آئل,fuel,,,24.9280595,67.0888152
HBL Pakistan,ایچ بی ایل پاکستان,bank,,,24.9212938,67.0898259
Nando's,Nando's,fast_food,,,24.939827,67.0444085
Mr. Burger,Mr. Burger,fast_food,,,24.8084837,67.0683664
Taimuria Library,Taimuria Library,library,,,24.9428584,67.0486103
Askari Bank,عسکری بینک,bank,,,24.9443297,67.0484596
Dr Essa Laboratory & Diagnostic Centre,Dr Essa Laboratory & Diagnostic Centre,clinic,,,24.941071,67.0494215
Broadway Pizza,Broadway Pizza,restaurant,,,24.9412449,67.0490889
MediComplex Hospital,MediComplex Hospital,hospital,,,24.9416803,67.0492284
Silkbank,Silkbank,bank,,,24.941842,67.0489521
Masjid Al Aziz,Masjid Al Aziz,place_of_worship,,,24.9425969,67.0487584
Karachi Public School,Karachi Public School,school,,,24.9432319,67.0492525
Perl Banquet,Perl Banquet,community_centre,,,24.944111,67.0493725
Al Massad Banquet,Al Massad Banquet,community_centre,,,24.9445244,67.049732
The City School,The City School,school,,,24.9451645,67.049162
Remedial Center - Hospital & Nursing Home,Remedial Center - Hospital & Nursing Home,hospital,,,24.9457973,67.0496945
North Marriage Banquet,North Marriage Banquet,community_centre,,,24.9467488,67.0506028
Bank Al Habib,بينک الحبيب,bank,,,24.9470097,67.0508629
Sky View Banquet,Sky View Banquet,community_centre,,,24.9454255,67.0505501
Kangan Banquet,Kangan Banquet,community_centre,,,24.9456674,67.05077
Casamento Banquet,Casamento Banquet,community_centre,,,24.9449974,67.0501933
Caspia Banquet,Caspia Banquet,community_centre,,,24.9447531,67.0499198
Child Development Center Campus 2,Child Development Center Campus 2,school,,,24.9455082,67.0516069
Alvi's Skin and Laser Complex (Dr Khurshid H Alvi),Alvi's Skin and Laser Complex (Dr Khurshid H Alvi),hospital,,,24.9464177,67.0531585
Madras Bakery,Madras Bakery,,bakery,,24.9465795,67.0533262
Khas Meat,Khas Meat,,butcher,,24.9462231,67.0535461
Chai Club,Chai Club,cafe,,,24.9409081,67.0496965
Cool Inn Ice Cream,Cool Inn Ice Cream,ice_cream,,,24.9403668,67.050373
Char Coal,Char Coal,restaurant,,,24.9401334,67.0507324
Amul Ice Cream,Amul Ice Cream,ice_cream,,,24.939895,67.0510596
Agha Juice,Agha Juice,,juice,,24.9398871,67.0516346
Crown Bakery,Crown Bakery,,bakery,,24.9400117,67.0514499
Baba Rabri,Baba Rabri,restaurant,,,24.9399681,67.0515169
Burshum,Burshum,restaurant,,,24.9399011,67.0516002
Quetta Bismillah Restaurant,Quetta Bismillah Restaurant,restaurant,,,24.9399296,67.0515753
Walk n Roll Fast Food,Walk n Roll Fast Food,fast_food,,,24.9398519,67.0516819
Donisil Snacks,Donisil Snacks,fast_food,,,24.9397728,67.0511837
Rock N Roll Bar B Q,Rock N Roll Bar B Q,fast_food,,,24.9396895,67.051289
Agha Rajab Juice,Agha Rajab Juice,,juice,,24.9395047,67.0514781
Bank Alfalah,بینک الفلاح,bank,,,24.9394378,67.0516558
Bank Al Habib,بينک الحبيب,bank,,,24.9397284,67.0518509
Donar King,Donar King,restaurant,,,24.9393503,67.0517611
K&N,K&N,,Chicken,,24.9393166,67.0517838
Sweet Sensation,Sweet Sensation,,bakery,,24.9392826,67.0518335
Karachi Haleem,Karachi Haleem,restaurant,,,24.9392437,67.0518912
Hobnob,Hobnob,,bakery,,24.9391975,67.0519166
Quetta Bismillah Hotel,Quetta Bismillah Hotel,,tea,,24.9393531,67.0523565
Life Ken Medicos,Life Ken Medicos,pharmacy,,,24.9394893,67.0523551
Allied Bank Limited,الائیڈ بینک لمیٹڈ,bank,,,24.9388613,67.0530379
Qadri BBQ & Roll,Qadri BBQ & Roll,restaurant,,,24.939206,67.0525658
Al Shifa Medical Store,Al Shifa Medical Store,pharmacy,,,24.9392437,67.0524932
HBL Pakistan,ایچ بی ایل پاکستان,bank,,,24.9391598,67.0526328
Spicy Tonight,Spicy Tonight,restaurant,,,24.938934,67.0523163
Faysal bank,Faysal bank,bank,,,24.9207525,67.0866485
Mr chef,Mr chef,restaurant,,,24.920849,67.0867779
Pizza point,Pizza point,restaurant,,,24.9210738,67.0870964
statenaoiry shop,statenaoiry shop,,gift,,24.9205393,67.0867805
Manis motors,Manis motors,,toys,,24.9206634,67.086927
Time collegiate campus 2,Time collegiate campus 2,college,,,24.9199404,67.0855242
S m public bschool,S m public bschool,college,,,24.9189681,67.0849428
Bank lslami gulshan,Bank lslami gulshan,bank,,,24.9189996,67.0842069
Meezan bank ltd,Meezan bank ltd,bank,,,24.9347543,67.1051493
Papa pizzario,Papa pizzario,restaurant,,,24.9346592,67.105357
Bovichic,Bovichic,restaurant,,,24.9344933,67.105447
Bank Al Habib Limited,Bank Al Habib Limited,bank,,,24.9347309,67.1051053
Blue Ribbon Bakery,Blue Ribbon Bakery,restaurant,,,24.9346337,67.1049924
Bismillah Biryani,Bismillah Biryani,restaurant,,,24.9346112,67.1049513
Rock & Roll,Rock & Roll,restaurant,,,24.9345572,67.1048866
MashaAllah Karachi,MashaAllah Karachi,restaurant,,,24.9345019,67.104831
Agha Haiber Juice,Agha Haiber Juice,restaurant,,,24.9344221,67.1047222
Biryani Puls,Biryani Puls,restaurant,,,24.9347134,67.1045394
Manpasand,Manpasand,restaurant,,,24.9349555,67.1048419
Quetta Kaker Hotel And LceDepot,Quetta Kaker Hotel And LceDepot,cafe,,,24.9347166,67.1044753
Mah Health & Beauty Parlor,Mah Health & Beauty Parlor,,beauty,,24.9378934,67.0536924
Winsor Public School,Winsor Public School,school,,,24.9362975,67.0550074
D Lounge,D Lounge,cafe,,,24.9374906,67.054138
DFC,DFC,cafe,,,24.9371197,67.053784
Chicago Burger Factroy,Chicago Burger Factroy,fast_food,,,24.937369,67.0541421
Quetta MashALLAH Restaurant,Quetta MashALLAH Restaurant,restaurant,,,24.9376779,67.053965
Apple Banquet,Apple Banquet,community_centre,,,24.9347693,67.0537792
New Karachi Foods,New Karachi Foods,restaurant,,,24.9321031,67.0519158
Munawar Hospital,Munawar Hospital,hospital,,,24.9318047,67.0517254
Hamza Nagori Milk Shop,Hamza Nagori Milk Shop,,dairy,,24.9351124,67.0452807
Amber Store,Amber Store,,supermarket,,24.9343892,67.1041064
Cello,Cello,,art,,24.9342924,67.1039734
Nadeem Pakwan,Nadeem Pakwan,restaurant,,,24.9341453,67.1037793
Al Jannat Zaiqa,Al Jannat Zaiqa,restaurant,,,24.933628,67.103588
Al Farid Biryani Center,Al Farid Biryani Center,restaurant,,,24.9341136,67.1036698
Ahmed AttariMedical Store,Ahmed AttariMedical Store,clinic,,,24.9326307,67.0945634
Sailani Medical & Super Store,Sailani Medical & Super Store,clinic,,,24.9324404,67.0942556
Ldeal Bakery,Ldeal Bakery,restaurant,,,24.9327242,67.0946963
Quetta Hotel,Quetta Hotel,cafe,,,24.9330715,67.0941962
Al Makkah Super Store,Al Makkah Super Store,,supermarket,,24.9333807,67.0954902
Madina Masjid,Madina Masjid,place_of_worship,,,24.9338053,67.0928984
Adamjee Convention High School,Adamjee Convention High School,school,,,24.9333461,67.0940625
Ghousia Masjid,Ghousia Masjid,place_of_worship,,,24.9349284,67.092482
Hopes Medical Store At Cardio,Hopes Medical Store At Cardio,hospital,,,24.9339756,67.0801691
Kkf  Medical Store,Kkf  Medical Store,hospital,,,24.93391,67.0802118
Agha Khan Diagnostic Center,Agha Khan Diagnostic Center,hospital,,,24.9384972,67.0337553
Ilyas Biryani,Ilyas Biryani,restaurant,,,24.9371966,67.0332363
Habib Restaurant,Habib Restaurant,restaurant,,,24.9371918,67.0336091
Chicken Corn Soup,Chicken Corn Soup,restaurant,,,24.9370994,67.033483
Rahmaniya,Rahmaniya,place_of_worship,,,24.9360024,67.0334267
Mumtaz Hospital,Mumtaz Hospital,hospital,,,24.9495187,67.0529808
Hasrat Mohani Libary,Hasrat Mohani Libary,library,,,24.936123,67.0307233
Bilal Masjid,مسجد بلال,place_of_worship,,,24.9360136,67.0294841
SKB School,SKB School,school,,,24.9352985,67.0278882
Taj Bakery,Taj Bakery,,bakery,,24.9342412,67.0284408
HBL Pakistan,ایچ بی ایل پاکستان,bank,,,24.9332064,67.0267456
Government Girls Degree College,Government Girls Degree College,college,,,24.9429028,67.0274805
Nizari Jamat Khana,Nizari Jamat Khana,place_of_worship,,,24.9392507,67.0342669
Bilal Masjid,مسجد بلال,place_of_worship,,,24.9384001,67.0382119
Ashraf,Ashraf,place_of_worship,,,24.9407372,67.0373783
Technical Training College,Technical Training College,college,,,24.9394147,67.0393953
Cafe Shah Jee Tea Specialist,Cafe Shah Jee Tea Specialist,restaurant,,,24.8918354,67.0534917
Mulla Nahari Resturant,Mulla Nahari Resturant,restaurant,,,24.8917722,67.0536419
Hafiz Sweet Bakery,Hafiz Sweet Bakery,,bakery,,24.8919632,67.0538039
Pak Juice Roll & Fastfood Corner,Pak Juice Roll & Fastfood Corner,restaurant,,,24.8921829,67.0537995
Nib Bank,Nib Bank,bank,,,24.8923851,67.0539386
Marhada Bakery,Marhada Bakery,,bakery,,24.8924529,67.054011
HBL Pakistan,ایچ بی ایل پاکستان,bank,,,24.8924211,67.0541207
UBL Pib Branch,UBL Pib Branch,bank,,,24.8925926,67.054123
J S mini,J S mini,,convenience,,24.8925545,67.0542257
Karachi Kitchen,Karachi Kitchen,restaurant,,,24.8923258,67.0540413
Meezan Bank,میزان بینک,bank,,,24.8927493,67.0543868
Bank Al Habib,بينک الحبيب,bank,,,24.8931093,67.0545129
Fine Bakery,Fine Bakery,,bakery,,24.8932334,67.0548042
Star Book Store,Star Book Store,,books,,24.8931339,67.0546884
Fancy Book Store,Fancy Book Store,,books,,24.893379,67.0549423
Faizan E Attar Masjid,Faizan E Attar Masjid,place_of_worship,,,24.8951563,67.0566732
Meena Bazaar,Meena Bazaar,marketplace,,,24.895261,67.0564086
Muhammadi Masjid,Muhammadi Masjid,place_of_worship,,,24.896357,67.054167
Ahmed Raza Masjid,Ahmed Raza Masjid,place_of_worship,,,24.8966113,67.053181
Rex Banquet,Rex Banquet,community_centre,,,24.9396359,67.0442484
Florence Medical Centre,Florence Medical Centre,clinic,,,24.9419766,67.0481255
Pizza Max,Pizza Max,restaurant,,,24.9399271,67.0510112
St. George School,St. George School,school,,,24.9424338,67.0514755
Aamir Palace,Aamir Palace,community_centre,,,24.9438291,67.0479641
Grand Banquet,Grand Banquet,community_centre,,,24.9439968,67.048116
The Beginners School,The Beginners School,school,,,24.9448016,67.0449882
National Girls Govt. School,National Girls Govt. School,school,,,24.9420182,67.043547
Arsha e Syed Banquet,Arsha e Syed Banquet,community_centre,,,24.9443262,67.0495492
Elegant Banquet,Elegant Banquet,community_centre,,,24.9445353,67.0486943
Galaxy Green Banquet,Galaxy Green Banquet,community_centre,,,24.9459391,67.0498783
Saffron Banquet,Saffron Banquet,community_centre,,,24.9461255,67.0500527
Baba Habbash Banquet,Baba Habbash Banquet,community_centre,,,24.9460781,67.051105
New Hyderi Market,New Hyderi Market,marketplace,,,24.94792,67.0531326
Emerald Banquet,Emerald Banquet,community_centre,,,24.9496404,67.0543077
Badri High School,Badri High School,school,,,24.9356594,67.0358662
Ibrahim Ali Bhai Govt School,Ibrahim Ali Bhai Govt School,school,,,24.9460551,67.0467576
Govt Comprehensive Grils Secondary School,Govt Comprehensive Grils Secondary School,school,,,24.9451202,67.058481
Madni Masjid,Madni Masjid,place_of_worship,,,24.9495027,67.0601119
Jama Masjid Rehmat e Alam,Jama Masjid Rehmat e Alam,place_of_worship,,,24.9383693,67.0571935
Government School,Government School,school,,,24.9380434,67.0571656
Iqbal Market,Iqbal Market,marketplace,,,24.9350091,67.0436442
Smart Super Store,Smart Super Store,,convenience,,24.9374712,67.0543467
Chop Soy,Chop Soy,restaurant,,,24.9387924,67.0525747
Usman,Usman,place_of_worship,,,24.9359295,67.0541057
Rafah e Aam Medical Centre,Rafah e Aam Medical Centre,hospital,,,24.9381866,67.0662705
Imam Shah Ahmed Noori,Imam Shah Ahmed Noori,place_of_worship,,,24.9376776,67.0655593
Optical Corner,Optical Corner,,optician,,24.9379302,67.0536523
MCB Bank,ایم سی بی بینک,bank,,,24.9393938,67.0517088
Master Cakes,Master Cakes,,bakery,,24.9389813,67.0522623
Pizza Point,Pizza Point,restaurant,,,24.9390893,67.0521472
Family Mart,Family Mart,,convenience,,24.9402318,67.0505945
Bank Al Habb,Bank Al Habb,bank,,,24.8113123,67.0182986
Clifton Medico,Clifton Medico,pharmacy,,,24.8113784,67.0181121
Medicine Brand Pharmacy,Medicine Brand Pharmacy,pharmacy,,,24.8114363,67.0180494
Ali Clinic,Ali Clinic,clinic,,,24.8116334,67.0176635
Drug Mart Pharmacy UK,Drug Mart Pharmacy UK,pharmacy,,,24.8115723,67.0176978
Shades z,Shades z,,beauty,,24.8110717,67.0170602
Shell Car service,Shell Car service,car_wash,,,24.8157504,67.0188409
Port Grand Mosque,Port Grand Mosque,place_of_worship,,,24.8458806,66.9927417
Arafat Hotel,Arafat Hotel,,,hotel,24.8589057,67.0246733
Khalid Sweets n Bakers,Khalid Sweets n Bakers,,bakery,,24.883146,67.0659996
Village Inn,Village Inn,restaurant,,,24.9099485,67.0106047
FBL Offsite ATM,FBL Offsite ATM,bank,,,24.9198665,67.0169429
Sindh Social Scurity Hospital,Sindh Social Scurity Hospital,hospital,,,24.926006,67.0152528
Euro Classic,Euro Classic,,,apartment,24.9347802,67.0410466
Kulsum Bai Valika Hospital,Kulsum Bai Valika Hospital,hospital,,,24.9272234,67.0155671
Bilal Masjid,مسجد بلال,place_of_worship,,,24.9301054,67.0208756
Paposh Qabristan,Paposh Qabristan,grave_yard,,,24.9263518,67.0227357
State Bank of Pakistan,State Bank of Pakistan,bank,,,24.9299722,67.0253428
Nazimabad Eid Gah Ground,Nazimabad Eid Gah Ground,place_of_worship,,,24.9116234,67.0298084
Dalmia Police Chowki,Dalmia Police Chowki,police,,,24.9042129,67.1023358
Kashif Iqbal Thalassemia Care Center,Kashif Iqbal Thalassemia Care Center,hospital,,,24.9006702,67.1059825
Peer Bazar,Peer Bazar,marketplace,,,24.9017489,67.1059366
Muhammadi Masjid,Muhammadi Masjid,place_of_worship,,,24.9026634,67.1078701
Ideal Foods,Ideal Foods,fast_food,,,24.9027441,67.1069575
Good Eat Fast Foods,Good Eat Fast Foods,fast_food,,,24.9102671,67.1063432
Broadway Pizza,Broadway Pizza,fast_food,,,24.91008,67.1065959
Food Factory Tabaq,Food Factory Tabaq,,confectionery,,24.9095361,67.106059
Raees Pappu Work Shop,Raees Pappu Work Shop,,car_repair,,24.909752,67.1065658
Ali Clinic,Ali Clinic,clinic,,,24.9094543,67.106765
Argenta Leather,Argenta Leather,,leather,,24.9094241,67.1073779
Catch Interior,Catch Interior,,interior_decoration,,24.9095093,67.107259
UR Suzuki,UR Suzuki,,motorcycle,,24.9096532,67.1070626
Madni Sheermal,Madni Sheermal,food_court,,,24.9090381,67.1078737
Muhammadi Bakers,Muhammadi Bakers,,bakery,,24.908556,67.107143
Madina General Store,Madina General Store,,convenience,,24.9088346,67.1075642
Mahtab Clinic,Mahtab Clinic,clinic,,,24.9088235,67.1077437
Madina Medical Store,Madina Medical Store,clinic,,,24.9085272,67.1072771
Daewoo Cargo Service,Daewoo Cargo Service,bus_station,,,24.9087926,67.1081814
Naveed Hijama Clinic,Naveed Hijama Clinic,clinic,,,24.9084147,67.1081502
Meezan Bank,Meezan Bank,bank,,,24.908485,67.1085993
United Bank Limited,یونائیٹڈ بینک لمیٹڈ,bank,,,24.9084167,67.1086923
Faisal Bank (Islamic Branch),Faisal Bank (Islamic Branch),bank,,,24.9082705,67.108878
Khushali Bank Limited,Khushali Bank Limited,bank,,,24.9081218,67.1090595
MCB Rashid Minhas Branch,MCB Rashid Minhas Branch,bank,,,24.9078499,67.1094215
California Pizza,California Pizza,fast_food,,,24.907713,67.1096005
Subway,سب وے,fast_food,,,24.9075809,67.1097422
Bank Alfalah,بینک الفلاح,bank,,,24.9074777,67.1098965
Farzand CNG Station,Farzand CNG Station,fuel,,,24.9069434,67.1105817
BAKRI Petrol Pump,BAKRI Petrol Pump,fuel,,,24.9068298,67.1106983
Purple Apple Marriage Lawn,Purple Apple Marriage Lawn,townhall,,,24.9066612,67.1109393
Glamour Mobile Market,Glamour Mobile Market,,mobile_phone,,24.9065622,67.1111177
Silkbank,Silkbank,bank,,,24.9044971,67.113066
Dawlance,Dawlance,,electronics,,24.9043741,67.1131859
TCS,TCS,post_office,,,24.9042627,67.1132672
Hobnob Bakery,Hobnob Bakery,,bakery,,24.9041448,67.1133787
United Mobile Market,United Mobile Market,,mobile_phone,,24.9035577,67.1139263
Manzoor Colony Furniture Market,Manzoor Colony Furniture Market,,furniture,,24.8541244,67.089757
Curtain Corner,Curtain Corner,,yes,,24.8544515,67.0897315
M.Riaz Interior 1,M.Riaz Interior 1,,yes,,24.8541777,67.0890281
JB INTERIORS,JB INTERIORS,,yes,,24.8542845,67.0888672
Al Mukhtar Masjid,Al Mukhtar Masjid,place_of_worship,,,24.8541935,67.0887736
Pacific Interior,Pacific Interior,,yes,,24.8542918,67.0886851
Mod Furniture,Mod Furniture,,yes,,24.8543001,67.0884973
Samar Interiors,Samar Interiors,,yes,,24.854245,67.0877711
Shah Jee Hardware & Sofa Cushion Material,Shah Jee Hardware & Sofa Cushion Material,,yes,,24.8543147,67.0879315
Tauheed Furniture,Tauheed Furniture,,yes,,24.8542464,67.0876772
Touch Wood Furniture,Touch Wood Furniture,,yes,,24.8542641,67.0873594
Shanis Interior,Shanis Interior,,yes,,24.8543356,67.0876065
Shayan e shaan,Shayan e shaan,,yes,,24.8543587,67.0874373
Masjid Ibrahim,Masjid Ibrahim,place_of_worship,,,24.8534991,67.0872867
"Waqar,s EMB","Waqar,s EMB",,yes,,24.8540899,67.086479
Bismillah Milk Corner,Bismillah Milk Corner,,yes,,24.854427,67.0864146
Waheed Hardware Store,Waheed Hardware Store,,yes,,24.8544007,67.0859595
Hussain Timber,Hussain Timber,,yes,,24.8544008,67.0858811
Faysal Bank,فیصل بینک,bank,,,24.7962578,67.0450447
Darul Ehsan,Darul Ehsan,place_of_worship,,,24.8540761,67.0854409
Al-Habib Bank Ltd,Al-Habib Bank Ltd,bank,,,24.8544092,67.0853539
Anas Pakwaan,Anas Pakwaan,restaurant,,,24.8548376,67.0849199
Bilal Mehfooz Sheermaal,Bilal Mehfooz Sheermaal,restaurant,,,24.8549819,67.0848441
BISMILLAH IDEAL General Store & Wholesaler,BISMILLAH IDEAL General Store & Wholesaler,,yes,,24.8553326,67.084509
Hira Masjid,Hira Masjid,place_of_worship,,,24.8558898,67.085533
New Quetta Marhaba Hotel,New Quetta Marhaba Hotel,restaurant,,,24.8556334,67.0856853
Quetta Marhaba Hotel,Quetta Marhaba Hotel,,,hotel,24.855256,67.0867201
Furniture Factory Karachi,Furniture Factory Karachi,,yes,,24.8555626,67.0875032
Al-Irfan,Al-Irfan,place_of_worship,,,24.8556755,67.0879336
Sajjad General Store,Sajjad General Store,,yes,,24.8557808,67.0877331
Toyota Eastern Motors,Toyota Eastern Motors,,car,,24.9077483,67.1103718
Chatterbox,Chatterbox,cafe,,,24.7909061,67.0650309
Dubai Islamic Bank,دبئی اسلامی بینک,bank,,,24.7908201,67.0649424
Zouk,Zouk,restaurant,,,24.7905326,67.0652906
Dandee,Dandee,fast_food,,,24.7970864,67.0442139
Dubai Islamic Bank,دبئی اسلامی بینک,bank,,,24.7978251,67.0451975
Bundo Khan Resturant,Bundo Khan Resturant,restaurant,,,24.7978618,67.0452078
Bilal Masjid- Tauheed Commercial,Bilal Masjid- Tauheed Commercial,place_of_worship,,,24.808533,67.0379117
Al Mehmil Banquet,Al Mehmil Banquet,community_centre,,,24.943358,67.048716
Umar bin Abdul Aziz Mosque,Umar bin Abdul Aziz Mosque,place_of_worship,,,24.8267042,67.0696088
Baithak -Boat Basin,Baithak -Boat Basin,restaurant,,,24.8265421,67.0259083
Tandoori Hut Restaurant -Boat Basin,Tandoori Hut Restaurant -Boat Basin,restaurant,,,24.8260581,67.0255502
Wali Darbar Hotel -Boat Basin,Wali Darbar Hotel -Boat Basin,cafe,,,24.8260299,67.026093
